country,year,iso_code,population,gdp,biofuel_cons_change_pct,biofuel_cons_change_twh,biofuel_cons_per_capita,biofuel_consumption,biofuel_elec_per_capita,biofuel_electricity,biofuel_share_elec,biofuel_share_energy,carbon_intensity_elec,coal_cons_change_pct,coal_cons_change_twh,coal_cons_per_capita,coal_consumption,coal_elec_per_capita,coal_electricity,coal_prod_change_pct,coal_prod_change_twh,coal_prod_per_capita,coal_production,coal_share_elec,coal_share_energy,electricity_demand,electricity_demand_per_capita,electricity_generation,electricity_share_energy,energy_cons_change_pct,energy_cons_change_twh,energy_per_capita,energy_per_gdp,fossil_cons_change_pct,fossil_cons_change_twh,fossil_elec_per_capita,fossil_electricity,fossil_energy_per_capita,fossil_fuel_consumption,fossil_share_elec,fossil_share_energy,gas_cons_change_pct,gas_cons_change_twh,gas_consumption,gas_elec_per_capita,gas_electricity,gas_energy_per_capita,gas_prod_change_pct,gas_prod_change_twh,gas_prod_per_capita,gas_production,gas_share_elec,gas_share_energy,greenhouse_gas_emissions,hydro_cons_change_pct,hydro_cons_change_twh,hydro_consumption,hydro_elec_per_capita,hydro_electricity,hydro_energy_per_capita,hydro_share_elec,hydro_share_energy,low_carbon_cons_change_pct,low_carbon_cons_change_twh,low_carbon_consumption,low_carbon_elec_per_capita,low_carbon_electricity,low_carbon_energy_per_capita,low_carbon_share_elec,low_carbon_share_energy,net_elec_imports,net_elec_imports_share_demand,nuclear_cons_change_pct,nuclear_cons_change_twh,nuclear_consumption,nuclear_elec_per_capita,nuclear_electricity,nuclear_energy_per_capita,nuclear_share_elec,nuclear_share_energy,oil_cons_change_pct,oil_cons_change_twh,oil_consumption,oil_elec_per_capita,oil_electricity,oil_energy_per_capita,oil_prod_change_pct,oil_prod_change_twh,oil_prod_per_capita,oil_production,oil_share_elec,oil_share_energy,other_renewable_consumption,other_renewable_electricity,other_renewable_exc_biofuel_electricity,other_renewables_cons_change_pct,other_renewables_cons_change_twh,other_renewables_elec_per_capita,other_renewables_elec_per_capita_exc_biofuel,other_renewables_energy_per_capita,other_renewables_share_elec,other_renewables_share_elec_exc_biofuel,other_renewables_share_energy,per_capita_electricity,primary_energy_consumption,renewables_cons_change_pct,renewables_cons_change_twh,renewables_consumption,renewables_elec_per_capita,renewables_electricity,renewables_energy_per_capita,renewables_share_elec,renewables_share_energy,solar_cons_change_pct,solar_cons_change_twh,solar_consumption,solar_elec_per_capita,solar_electricity,solar_energy_per_capita,solar_share_elec,solar_share_energy,wind_cons_change_pct,wind_cons_change_twh,wind_consumption,wind_elec_per_capita,wind_electricity,wind_energy_per_capita,wind_share_elec,wind_share_energy
Spain,1900,ESP,18592411.0,49615605760.0,,,,,,,,,,,,,,,,,,957.872,17.809,,,,,,,,,,,,,,,,,,,,,,,,,,,0.0,0.0,,,,,,,,,,,,,,,,,,,,,,,,,,,,,,,,,,,,,,0.0,0.0,,,,,,,,,,,,,,,,,,,,,,,,,,,,,,,,,,,,,,,
Spain,1901,ESP,18701066.0,53765017600.0,,,,,,,,,,,,,,,,2.738,0.488,978.385,18.297,,,,,,,,,,,,,,,,,,,,,,,,,,0.0,0.0,0.0,,,,,,,,,,,,,,,,,,,,,,,,,,,,,,,,,,,,,0.0,0.0,0.0,,,,,,,,,,,,,,,,,,,,,,,,,,,,,,,,,,,,,,,
Spain,1902,ESP,18818864.0,51405967360.0,,,,,,,,,,,,,,,,2.096,0.383,992.636,18.68,,,,,,,,,,,,,,,,,,,,,,,,,,0.0,0.0,0.0,,,,,,,,,,,,,,,,,,,,,,,,,,,,,,,,,,,,,0.0,0.0,0.0,,,,,,,,,,,,,,,,,,,,,,,,,,,,,,,,,,,,,,,
Spain,1903,ESP,18945905.0,51248050176.0,,,,,,,,,,,,,,,,-0.142,-0.026,984.583,18.654,,,,,,,,,,,,,,,,,,,,,,,,,,0.0,0.0,0.0,,,,,,,,,,,,,,,,,,,,,,,,,,,,,,,,,,,,,0.0,0.0,0.0,,,,,,,,,,,,,,,,,,,,,,,,,,,,,,,,,,,,,,,
Spain,1904,ESP,19073803.0,50617352192.0,,,,,,,,,,,,,,,,11.478,2.141,1090.234,20.795,,,,,,,,,,,,,,,,,,,,,,,,,,0.0,0.0,0.0,,,,,,,,,,,,,,,,,,,,,,,,,,,,,,,,,,,,,0.0,0.0,0.0,,,,,,,,,,,,,,,,,,,,,,,,,,,,,,,,,,,,,,,
Spain,1905,ESP,19202565.0,50106904576.0,,,,,,,,,,,,,,,,8.131,1.691,1170.976,22.486,,,,,,,,,,,,,,,,,,,,,,,,,,0.0,0.0,0.0,,,,,,,,,,,,,,,,,,,,,,,,,,,,,,,,,,,,,0.0,0.0,0.0,,,,,,,,,,,,,,,,,,,,,,,,,,,,,,,,,,,,,,,
Spain,1906,ESP,19332196.0,53523443712.0,,,,,,,,,,,,,,,,0.827,0.186,1172.739,22.672,,,,,,,,,,,,,,,,,,,,,,,,,,0.0,0.0,0.0,,,,,,,,,,,,,,,,,,,,,,,,,,,,,,,,,,,,,0.0,0.0,0.0,,,,,,,,,,,,,,,,,,,,,,,,,,,,,,,,,,,,,,,
Spain,1907,ESP,19462702.0,54929883136.0,,,,,,,,,,,,,,,,14.317,3.246,1331.646,25.917,,,,,,,,,,,,,,,,,,,,,,,,,,0.0,0.0,0.0,,,,,,,,,,,,,,,,,,,,,,,,,,,,,,,,,,,,,0.0,0.0,0.0,,,,,,,,,,,,,,,,,,,,,,,,,,,,,,,,,,,,,,,
Spain,1908,ESP,19594089.0,57047126016.0,,,,,,,,,,,,,,,,6.022,1.561,1402.368,27.478,,,,,,,,,,,,,,,,,,,,,,,,,,0.0,0.0,0.0,,,,,,,,,,,,,,,,,,,,,,,,,,,,,,,,,,,,,0.0,0.0,0.0,,,,,,,,,,,,,,,,,,,,,,,,,,,,,,,,,,,,,,,
Spain,1909,ESP,19726214.0,58655313920.0,,,,,,,,,,,,,,,,0.512,0.141,1400.112,27.619,,,,,,,,,,,,,,,,,,,,,,,,,,0.0,0.0,0.0,,,,,,,,,,,,,,,,,,,,,,,,,,,,,,,,,,,,,0.0,0.0,0.0,,,,,,,,,,,,,,,,,,,,,,,,,,,,,,,,,,,,,,,
Spain,1910,ESP,19859082.0,55984922624.0,,,,,,,,,,,,,,,,-1.92,-0.53,1364.046,27.089,,,,,,,,,,,,,,,,,,,,,,,,,,0.0,0.0,0.0,,,,,,,,,,,,,,,,,,,,,,,,,,,,,,,,,,,,,0.0,0.0,0.0,,,,,,,,,,,,,,,,,,,,,,,,,,,,,,,,,,,,,,,
Spain,1911,ESP,19992695.0,60455092224.0,,,,,,,,,,,,,,,,-3.463,-0.938,1308.005,26.151,,,,,,,,,,,,,,,,,,,,,,,,,,0.0,0.0,0.0,,,,,,,,,,,,,,,,,,,,,,,,,,,,,,,,,,,,,0.0,0.0,0.0,,,,,,,,,,,,,,,,,,,,,,,,,,,,,,,,,,,,,,,
Spain,1912,ESP,20127058.0,58594254848.0,,,,,,,,,,,,,,,,5.664,1.481,1372.858,27.632,,,,,,,,,,,,,,,,,,,,,,,,,,0.0,0.0,0.0,,,,,,,,,,,,,,,,,,,,,,,,,,,,,,,,,,,,,0.0,0.0,0.0,,,,,,,,,,,,,,,,,,,,,,,,,,,,,,,,,,,,,,,
Spain,1913,ESP,20262175.0,62071840768.0,,,,,,,,,,,,,,,,2.672,0.738,1400.147,28.37,,,,,,,,,,,,,,,,,,,,,,,,,,0.0,0.0,0.0,,,,,,,,,,,,,,,,,,,,,,,,,,,,,,,,,,,,,0.0,0.0,0.0,,,,,,,,,,,,,,,,,,,,,,,,,,,,,,,,,,,,,,,
Spain,1914,ESP,20398200.0,60341252096.0,,,,,,,,,,,,,,,,4.149,1.177,1448.516,29.547,,,,,,,,,,,,,,,,,,,,,,,,,,0.0,0.0,0.0,,,,,,,,,,,,,,,,,,,,,,,,,,,,,,,,,,,,,0.0,0.0,0.0,,,,,,,,,,,,,,,,,,,,,,,,,,,,,,,,,,,,,,,
Spain,1915,ESP,20535137.0,60959895552.0,,,,,,,,,,,,,,,,5.989,1.77,1525.035,31.317,,,,,,,,,,,,,,,,,,,,,,,,,,0.0,0.0,0.0,,,,,,,,,,,,,,,,,,,,,,,,,,,,,,,,,,,,,0.0,0.0,0.0,,,,,,,,,,,,,,,,,,,,,,,,,,,,,,,,,,,,,,,
Spain,1916,ESP,20672994.0,63524061184.0,,,,,,,,,,,,,,,,19.419,6.081,1809.041,37.398,,,,,,,,,,,,,,,,,,,,,,,,,,0.0,0.0,0.0,,,,,,,,,,,,,,,,,,,,,,,,,,,,,,,,,,,,,0.0,0.0,0.0,,,,,,,,,,,,,,,,,,,,,,,,,,,,,,,,,,,,,,,
Spain,1917,ESP,20811776.0,62644809728.0,,,,,,,,,,,,,,,,7.675,2.87,1934.893,40.269,,,,,,,,,,,,,,,,,,,,,,,,,,0.0,0.0,0.0,,,,,,,,,,,,,,,,,,,,,,,,,,,,,,,,,,,,,0.0,0.0,0.0,,,,,,,,,,,,,,,,,,,,,,,,,,,,,,,,,,,,,,,
Spain,1918,ESP,20951479.0,62339051520.0,,,,,,,,,,,,,,,,20.462,8.24,2315.262,48.508,,,,,,,,,,,,,,,,,,,,,,,,,,0.0,0.0,0.0,,,,,,,,,,,,,,,,,,,,,,,,,,,,,,,,,,,,,0.0,0.0,0.0,,,,,,,,,,,,,,,,,,,,,,,,,,,,,,,,,,,,,,,
Spain,1919,ESP,21105927.0,63712464896.0,,,,,,,,,,,,,,,,-13.053,-6.332,1998.329,42.177,,,,,,,,,,,,,,,,,,,,,,,,,,0.0,0.0,0.0,,,,,,,,,,,,,,,,,,,,,,,,,,,,,,,,,,,,,0.0,0.0,0.0,,,,,,,,,,,,,,,,,,,,,,,,,,,,,,,,,,,,,,,
Spain,1920,ESP,21275357.0,68777213952.0,,,,,,,,,,,,,,,,-5.179,-2.184,1879.743,39.992,,,,,,,,,,,,,,,,,,,,,,,,,,0.0,0.0,0.0,,,,,,,,,,,,,,,,,,,,,,,,,,,,,,,,,,,,,0.0,0.0,0.0,,,,,,,,,,,,,,,,,,,,,,,,,,,,,,,,,,,,,,,
Spain,1921,ESP,21460007.0,71038574592.0,,,,,,,,,,,,,,,,-9.38,-3.751,1688.765,36.241,,,,,,,,,,,,,,,,,,,,,,,,,,0.0,0.0,0.0,,,,,,,,,,,,,,,,,,,,,,,,,,,,,,,,,,,,,0.0,0.0,0.0,,,,,,,,,,,,,,,,,,,,,,,,,,,,,,,,,,,,,,,
Spain,1922,ESP,21660122.0,74037387264.0,,,,,,,,,,,,,,,,-12.155,-4.405,1469.782,31.836,,,,,,,,,,,,,,,,,,,,,,,,,,0.481,22.214,0.481,,,,,,,,,,,,,,,,,,,,,,,,,,,,,,,,,,,,,0.0,0.0,0.0,,,,,,,,,,,,,,,,,,,,,,,,,,,,,,,,,,,,,,,
Spain,1923,ESP,21875945.0,74909999104.0,,,,,,,,,,,,,,,,33.48,10.659,1942.511,42.494,,,,,,,,,,,,,,,,,,,,,,,,,18.333,0.088,26.027,0.569,,,,,,,,,,,,,,,,,,,,,,,,,,,,,,,,,,,,,0.0,0.0,0.0,,,,,,,,,,,,,,,,,,,,,,,,,,,,,,,,,,,,,,,
Spain,1924,ESP,22093919.0,77546643456.0,,,,,,,,,,,,,,,,2.745,1.166,1976.143,43.661,,,,,,,,,,,,,,,,,,,,,,,,,15.493,0.088,29.763,0.658,,,,,,,,,,,,,,,,,,,,,,,,,,,,,,,,,,,,,0.0,0.0,0.0,,,,,,,,,,,,,,,,,,,,,,,,,,,,,,,,,,,,,,,
Spain,1925,ESP,22314065.0,82930384896.0,,,,,,,,,,,,,,,,-0.302,-0.132,1950.728,43.529,,,,,,,,,,,,,,,,,,,,,,,,,13.415,0.088,33.422,0.746,,,,,,,,,,,,,,,,,,,,,,,,,,,,,,,,,,,,,0.0,0.0,0.0,,,,,,,,,,,,,,,,,,,,,,,,,,,,,,,,,,,,,,,
Spain,1926,ESP,22536404.0,82091294720.0,,,,,,,,,,,,,,,,6.336,2.758,2053.868,46.287,,,,,,,,,,,,,,,,,,,,,,,,,11.828,0.088,37.007,0.834,,,,,,,,,,,,,,,,,,,,,,,,,,,,,,,,,,,,,0.0,0.0,0.0,,,,,,,,,,,,,,,,,,,,,,,,,,,,,,,,,,,,,,,
Spain,1927,ESP,22760959.0,89945677824.0,,,,,,,,,,,,,,,,0.846,0.392,2050.809,46.678,,,,,,,,,,,,,,,,,,,,,,,,,10.577,0.088,40.517,0.922,,,,,,,,,,,,,,,,,,,,,,,,,,,,,,,,,,,,,0.0,0.0,0.0,,,,,,,,,,,,,,,,,,,,,,,,,,,,,,,,,,,,,,,
Spain,1928,ESP,22987751.0,89652461568.0,,,,,,,,,,,,,,,,-2.839,-1.325,1972.936,45.353,,,,,,,,,,,,,,,,,,,,,,,,,9.565,0.088,43.955,1.01,,,,,,,,,,,,,,,,,,,,,,,,,,,,,,,,,,,,,0.0,0.0,0.0,,,,,,,,,,,,,,,,,,,,,,,,,,,,,,,,,,,,,,,
Spain,1929,ESP,23214389.0,96751345664.0,,,,,,,,,,,,,,,,11.054,5.013,2169.635,50.367,,,,,,,,,,,,,,,,,,,,,,,,,8.995,0.091,47.44,1.101,,,,,,,,,,,,,,,,,,,,,,,,,,,,,,,,,,,,,0.0,0.0,0.0,,,,,,,,,,,,,,,,,,,,,,,,,,,,,,,,,,,,,,,
Spain,1930,ESP,23440849.0,91863678976.0,,,,,,,,,,,,,,,,-0.595,-0.299,2135.901,50.067,,,,,,,,,,,,,,,,,,,,,,,,,8.252,0.091,50.859,1.192,,,,,,,,,,,,,,,,,,,,,,,,,,,,,,,,,,,,,0.0,0.0,0.0,,,,,,,,,,,,,,,,,,,,,,,,,,,,,,,,,,,,,,,
Spain,1931,ESP,23667105.0,89537396736.0,,,,,,,,,,,,,,,,-1.07,-0.536,2092.85,49.532,,,,,,,,,,,,,,,,,,,,,,,,,7.623,0.091,54.213,1.283,,,,,,,,,,,,,,,,,,,,,,,,,,,,,,,,,,,,,0.0,0.0,0.0,,,,,,,,,,,,,,,,,,,,,,,,,,,,,,,,,,,,,,,
Spain,1932,ESP,23893132.0,92028157952.0,,,,,,,,,,,,,,,,-3.248,-1.609,2005.711,47.923,,,,,,,,,,,,,,,,,,,,,,,,,7.083,0.091,57.504,1.374,,,,,,,,,,,,,,,,,,,,,,,,,,,,,,,,,,,,,0.0,0.0,0.0,,,,,,,,,,,,,,,,,,,,,,,,,,,,,,,,,,,,,,,
Spain,1933,ESP,24118905.0,88907808768.0,,,,,,,,,,,,,,,,-12.357,-5.922,1741.41,42.001,,,,,,,,,,,,,,,,,,,,,,,,,6.615,0.091,60.734,1.465,,,,,,,,,,,,,,,,,,,,,,,,,,,,,,,,,,,,,0.0,0.0,0.0,,,,,,,,,,,,,,,,,,,,,,,,,,,,,,,,,,,,,,,
Spain,1934,ESP,24346811.0,91986583552.0,,,,,,,,,,,,,,,,-1.093,-0.459,1706.25,41.542,,,,,,,,,,,,,,,,,,,,,,,,,6.204,0.091,63.898,1.556,,,,,,,,,,,,,,,,,,,,,,,,,,,,,,,,,,,,,0.0,0.0,0.0,,,,,,,,,,,,,,,,,,,,,,,,,,,,,,,,,,,,,,,
Spain,1935,ESP,24576871.0,93457137664.0,,,,,,,,,,,,,,,,16.582,6.888,1970.561,48.43,,,,,,,,,,,,,,,,,,,,,,,,,5.842,0.091,66.998,1.647,,,,,,,,,,,,,,,,,,,,,,,,,,,,,,,,,,,,,0.0,0.0,0.0,,,,,,,,,,,,,,,,,,,,,,,,,,,,,,,,,,,,,,,
Spain,1936,ESP,24809105.0,71257284608.0,,,,,,,,,,,,,,,,-52.173,-25.268,933.634,23.163,,,,,,,,,,,,,,,,,,,,,,,,,5.519,0.091,70.034,1.737,,,,,,,,,,,,,,,,,,,,,,,,,,,,,,,,,,,,,0.0,0.0,0.0,,,,,,,,,,,,,,,,,,,,,,,,,,,,,,,,,,,,,,,
Spain,1937,ESP,25043533.0,66366877696.0,,,,,,,,,,,,,,,,-33.746,-7.817,612.776,15.346,,,,,,,,,,,,,,,,,,,,,,,,,5.231,0.091,73.008,1.828,,,,,,,,,,,,,,,,,,,,,,,,,,,,,,,,,,,,,0.0,0.0,0.0,,,,,,,,,,,,,,,,,,,,,,,,,,,,,,,,,,,,,,,
Spain,1938,ESP,25280177.0,66548264960.0,,,,,,,,,,,,,,,,152.092,23.34,1530.298,38.686,,,,,,,,,,,,,,,,,,,,,,,,,3.582,0.065,74.915,1.894,,,,,,,,,,,,,,,,,,,,,,,,,,,,,,,,,,,,,0.0,0.0,0.0,,,,,,,,,,,,,,,,,,,,,,,,,,,,,,,,,,,,,,,
Spain,1939,ESP,25514739.0,73524117504.0,,,,,,,,,,,,,,,,16.959,6.561,1773.364,45.247,,,,,,,,,,,,,,,,,,,,,,,,,3.458,0.065,76.793,1.959,,,,,,,,,,,,,,,,,,,,,,,,,,,,,,,,,,,,,0.0,0.0,0.0,,,,,,,,,,,,,,,,,,,,,,,,,,,,,,,,,,,,,,,
Spain,1940,ESP,25747164.0,81571528704.0,,,,,,,,,,,,,,,,39.119,17.7,2444.816,62.947,,,,,,,,,,,,,,,,,,,,,,,,,3.342,0.065,78.643,2.025,,,,,,,,,,,,,,,,,,,,,,,,,,,,,,,,,,,,,0.0,0.0,0.0,,,,,,,,,,,,,,,,,,,,,,,,,,,,,,,,,,,,,,,
Spain,1941,ESP,25977393.0,82802974720.0,,,,,,,,,,,,,,,,1.555,0.979,2460.832,63.926,,,,,,,,,,,,,,,,,,,,,,,,,3.234,0.065,80.467,2.09,,,,,,,,,,,,,,,,,,,,,,,,,,,,,,,,,,,,,0.0,0.0,0.0,,,,,,,,,,,,,,,,,,,,,,,,,,,,,,,,,,,,,,,
Spain,1942,ESP,26205369.0,88732917760.0,,,,,,,,,,,,,,,,8.713,5.57,2651.974,69.496,,,,,,,,,,,,,,,,,,,,,,,,,3.133,0.065,82.267,2.156,,,,,,,,,,,,,,,,,,,,,,,,,,,,,,,,,,,,,0.0,0.0,0.0,,,,,,,,,,,,,,,,,,,,,,,,,,,,,,,,,,,,,,,
Spain,1943,ESP,26431030.0,93584146432.0,,,,,,,,,,,,,,,,3.242,2.253,2714.582,71.749,,,,,,,,,,,,,,,,,,,,,,,,,3.038,0.065,84.042,2.221,,,,,,,,,,,,,,,,,,,,,,,,,,,,,,,,,,,,,0.0,0.0,0.0,,,,,,,,,,,,,,,,,,,,,,,,,,,,,,,,,,,,,,,
Spain,1944,ESP,26658635.0,97622433792.0,,,,,,,,,,,,,,,,9.183,6.589,2938.561,78.338,,,,,,,,,,,,,,,,,,,,,,,,,2.948,0.065,85.781,2.287,,,,,,,,,,,,,,,,,,,,,,,,,,,,,,,,,,,,,0.0,0.0,0.0,,,,,,,,,,,,,,,,,,,,,,,,,,,,,,,,,,,,,,,
Spain,1945,ESP,26888200.0,89865207808.0,,,,,,,,,,,,,,,,3.489,2.734,3015.135,81.072,,,,,,,,,,,,,,,,,,,,,,,,,2.864,0.065,87.484,2.352,,,,,,,,,,,,,,,,,,,,,,,,,,,,,,,,,,,,,0.0,0.0,0.0,,,,,,,,,,,,,,,,,,,,,,,,,,,,,,,,,,,,,,,
Spain,1946,ESP,27119742.0,93683105792.0,,,,,,,,,,,,,,,,-0.52,-0.421,2973.855,80.65,,,,,,,,,,,,,,,,,,,,,,,,,2.784,0.065,89.152,2.418,,,,,,,,,,,,,,,,,,,,,,,,,,,,,,,,,,,,,0.0,0.0,0.0,,,,,,,,,,,,,,,,,,,,,,,,,,,,,,,,,,,,,,,
Spain,1947,ESP,27353278.0,95527649280.0,,,,,,,,,,,,,,,,-2.165,-1.746,2884.637,78.904,,,,,,,,,,,,,,,,,,,,,,,,,6.468,0.156,94.108,2.574,,,,,,,,,,,,,,,,,,,,,,,,,,,,,,,,,,,,,0.0,0.0,0.0,,,,,,,,,,,,,,,,,,,,,,,,,,,,,,,,,,,,,,,
Spain,1948,ESP,27588824.0,95314010112.0,,,,,,,,,,,,,,,,-0.081,-0.064,2857.694,78.84,,,,,,,,,,,,,,,,,,,,,,,,,9.346,0.241,102.024,2.815,,,,,,,,,,,,,,,,,,,,,,,,,,,,,,,,,,,,,0.0,0.0,0.0,,,,,,,,,,,,,,,,,,,,,,,,,,,,,,,,,,,,,,,
Spain,1949,ESP,27827617.0,94862401536.0,,,,,,,,,,,,,,,,1.844,1.454,2885.426,80.295,,,,,,,,,,,,,,,,,,,,,,,,,9.402,0.265,110.659,3.079,,,,,,,,,,,,,,,,,,,,,,,,,,,,,,,,,,,,,0.0,0.0,0.0,,,,,,,,,,,,,,,,,,,,,,,,,,,,,,,,,,,,,,,
Spain,1950,ESP,28077007.0,97082138624.0,,,,,,,,,,,,,,,,3.449,2.769,2958.435,83.064,,,,,,,,,,,,,,,,,,,,,,,,,4.297,0.132,114.388,3.212,,,,,,,,,,,,,,,,,,,,,,,,,,,,,,,,,,,,,0.012,0.414,0.012,,,,,,,,,,,,,,,,,,,,,,,,,,,,,,,,,,,,,,,
Spain,1951,ESP,28214807.0,107135115264.0,,,,,,,,,,,,,,,,3.735,3.102,3053.943,86.166,,,,,,,,,,,,,,,,,,,,,,,,,3.371,0.108,117.667,3.32,,,,,,,,,,,,,,,,,,,,,,,,,,,,,,,,,,,,0.0,0.0,0.412,0.012,,,,,,,,,,,,,,,,,,,,,,,,,,,,,,,,,,,,,,,
Spain,1952,ESP,28405996.0,117037318144.0,,,,,,,,,,,,,,,,6.375,5.493,3226.78,91.66,,,,,,,,,,,,,,,,,,,,,,,,,9.058,0.301,127.461,3.621,,,,,,,,,,,,,,,,,,,,,,,,,,,,,,,,,,,,700.0,0.081,3.275,0.093,,,,,,,,,,,,,,,,,,,,,,,,,,,,,,,,,,,,,,,
Spain,1953,ESP,28632656.0,116997111808.0,,,,,,,,,,,,,,,,2.529,2.318,3282.182,93.978,,,,,,,,,,,,,,,,,,,,,,,,,5.98,0.217,134.014,3.837,,,,,,,,,,,,,,,,,,,,,,,,,,,,,,,,,,,,87.5,0.081,6.093,0.174,,,,,,,,,,,,,,,,,,,,,,,,,,,,,,,,,,,,,,,
Spain,1954,ESP,28857784.0,125599457280.0,,,,,,,,,,,,,,,,1.168,1.098,3294.623,95.076,,,,,,,,,,,,,,,,,,,,,,,,,0.94,0.036,134.219,3.873,,,,,,,,,,,,,,,,,,,,,,,,,,,,,,,,,,,,46.667,0.081,8.866,0.256,,,,,,,,,,,,,,,,,,,,,,,,,,,,,,,,,,,,,,,
Spain,1955,ESP,29089728.0,130079580160.0,,,,,,,,,,,,,,,,0.756,0.719,3293.065,95.794,,,,,,,,,,,,,,,,,,,,,,,,,-1.863,-0.072,130.668,3.801,,,,,,,,,,,,,,,,,,,,,,,,,,,,,,,,,,,,59.091,0.151,13.993,0.407,,,,,,,,,,,,,,,,,,,,,,,,,,,,,,,,,,,,,,,
Spain,1956,ESP,29323627.0,140913917952.0,,,,,,,,,,,,,,,,3.759,3.601,3389.607,99.396,,,,,,,,,,,,,,,,,,,,,,,,,5.696,0.217,137.009,4.018,,,,,,,,,,,,,,,,,,,,,,,,,,,,,,,,,,,,68.571,0.279,23.4,0.686,,,,,,,,,,,,,,,,,,,,,,,,,,,,,,,,,,,,,,,
Spain,1957,ESP,29569913.0,146029608960.0,,,,,,,,,,,,,,,,11.5,11.43,3747.929,110.826,,,,,,,,,,,,,,,,,,,,,,,,,5.09,0.204,142.784,4.222,,,,,,,,,,,,,,,,,,,,,,,,,,,,,,,,,,,,22.034,0.151,28.318,0.837,,,,,,,,,,,,,,,,,,,,,,,,,,,,,,,,,,,,,,,
Spain,1958,ESP,29849614.0,155616215040.0,,,,,,,,,,,,,,,,4.091,4.534,3864.713,115.36,,,,,,,,,,,,,,,,,,,,,,,,,3.419,0.144,146.282,4.366,,,,,,,,,,,,,,,,,,,,,,,,,,,,,,,,,,,,0.0,0.0,28.053,0.837,,,,,,,,,,,,,,,,,,,,,,,,,,,,,,,,,,,,,,,
Spain,1959,ESP,30140655.0,154272940032.0,,,,,,,,,,,,,,,,-8.813,-10.167,3490.076,105.193,,,,,,,,,,,,,,,,,,,,,,,,,3.03,0.132,149.259,4.499,,,,,,,,,,,,,,,,,,,,,,,,,,,,,,,,,,,,-13.889,-0.116,23.923,0.721,,,,,,,,,,,,,,,,,,,,,,,,,,,,,,,,,,,,,,,
Spain,1960,ESP,30404890.0,154173177856.0,,,,,,,,,,,,,,,,-0.834,-0.877,3430.895,104.316,,,,,,,,,,,,,,,,,,,,,,,,,2.674,0.12,151.918,4.619,,,,,,,,,,,,,,,,,,,,,,,,,,,,,,,,,,,,3.226,0.023,24.48,0.744,,,,,,,,,,,,,,,,,,,,,,,,,,,,,,,,,,,,,,,
Spain,1961,ESP,30699526.0,172488146944.0,,,,,,,,,,,,,,,,40.534,42.284,4775.307,146.6,,,,,,,,,,,,,,,,,,,,,,,,,0.26,0.012,150.852,4.631,,,,,,,,,,,,,,,,,,,,,,,,,,,,,,,,,,,,1.562,0.012,24.624,0.756,,,,,,,,,,,,,,,,,,,,,,,,,,,,,,,,,,,,,,,
Spain,1962,ESP,31040042.0,189313564672.0,,,,,,,,,,,,,,,,-30.151,-44.201,3298.926,102.399,,,,,,,,,,,,,,,,,,,,,,,,,4.416,0.204,155.785,4.836,,,,,,,,,,,,,,,,,,,,,,,,,,,,,,,,,,,,0.0,0.0,24.354,0.756,,,,,,,,,,,,,,,,,,,,,,,,,,,,,,,,,,,,,,,
Spain,1963,ESP,31379779.0,208429236224.0,,,,,,,,,,,,,,,,2.115,2.165,3332.216,104.564,,,,,,,,,,,,,,,,,,,,,,,,,0.249,0.012,154.482,4.848,,,,,,,,,,,,,,,,,,,,,,,,,,,,,,,,,,,,0.0,0.0,24.09,0.756,,,,,,,,,,,,,,,,,,,,,,,,,,,,,,,,,,,,,,,
Spain,1964,ESP,31741537.0,220233711616.0,,,,,,,,,,,,,,,,-4.427,-4.629,3148.401,99.935,,,,,,,,,,,,,,,,,,,,,,,,,0.0,0.0,152.721,4.848,,,,,,,,,,,,,,,,,,,,,,,,,,,,,,,,,,,,0.0,0.0,23.816,0.756,,,,,,,,,,,,,,,,,,,,,,,,,,,,,,,,,,,,,,,
Spain,1965,ESP,32110623.0,237809909760.0,,,0.0,0.0,,,,0.0,,,,3513.199,112.811,,,6.194,6.19,3304.996,106.125,,33.788,,,,,,,10507.632,1.419,,,,,8694.704,279.192,,83.621,,,0.0,,,0.0,6.452,0.313,160.705,5.16,,0.0,,,,54.686,613.099,19.687,1703.054,,16.379,,,54.686,613.099,19.687,1703.054,,16.379,,,,,0.0,0.0,0.0,0.0,,0.0,,,166.381,,,5181.505,7.692,0.058,25.353,0.814,,49.833,0.0,0.0,,,,0.0,,0.0,,,0.0,,337.407,,,54.686,613.099,19.687,1703.054,,16.379,,,0.0,0.0,0.0,0.0,,0.0,,,0.0,0.0,0.0,0.0,,0.0
Spain,1966,ESP,32465832.0,255489507328.0,,0.0,0.0,0.0,,,,0.0,,-7.485,-8.443,3214.691,104.368,,,-1.256,-1.333,3227.764,104.792,,27.69,,,,,13.158,44.396,11760.138,1.494,7.883,22.009,,,9277.479,301.201,,79.912,,0.0,0.0,,,0.0,9.79,0.505,174.508,5.666,,0.0,,38.457,21.031,75.717,839.59,27.258,2332.195,,20.088,38.457,21.031,75.717,839.59,27.258,2332.195,,20.088,,,,0.0,0.0,0.0,0.0,0.0,,0.0,18.303,30.452,196.833,,,6062.787,7.143,0.058,26.867,0.872,,52.222,0.0,0.0,,,0.0,0.0,,0.0,,,0.0,,381.803,38.457,21.031,75.717,839.59,27.258,2332.195,,20.088,,0.0,0.0,0.0,0.0,0.0,,0.0,,0.0,0.0,0.0,0.0,0.0,,0.0
Spain,1967,ESP,32820707.0,269604634624.0,,0.0,0.0,0.0,,,,0.0,,1.627,1.698,3231.667,106.066,,,-3.139,-3.29,3092.636,101.502,,26.03,,,,,7.789,29.74,12539.102,1.526,14.391,43.345,,,10497.814,344.546,,84.555,,0.0,0.0,,,0.0,14.437,0.818,197.543,6.484,,0.0,,-16.879,-12.781,62.936,690.326,22.657,1917.573,,15.445,-16.879,-12.781,62.936,690.326,22.657,1917.573,,15.445,,,,0.0,0.0,0.0,0.0,0.0,,0.0,21.158,41.647,238.48,,,7266.147,12.0,0.105,29.765,0.977,,58.525,0.0,0.0,,,0.0,0.0,,0.0,,,0.0,,411.542,-16.879,-12.781,62.936,690.326,22.657,1917.573,,15.445,,0.0,0.0,0.0,0.0,0.0,,0.0,,0.0,0.0,0.0,0.0,0.0,,0.0
Spain,1968,ESP,33170058.0,285820780544.0,,0.0,0.0,0.0,,,,0.0,,1.228,1.303,3236.9,107.368,,,0.913,0.926,3087.988,102.429,,25.048,,,,,5.219,21.477,13054.524,1.515,4.68,16.123,,,10873.323,360.669,,84.142,,0.0,0.0,,,0.0,17.069,1.107,228.826,7.59,,0.0,,7.64,4.808,67.744,735.241,24.388,2042.337,,15.804,8.006,5.039,67.975,737.744,24.471,2049.288,,15.858,,,,0.231,0.231,2.502,0.083,6.951,,0.054,6.215,14.82,253.301,,,7636.423,51.19,0.5,44.528,1.477,,59.093,0.0,0.0,,,0.0,0.0,,0.0,,,0.0,,433.019,7.64,4.808,67.744,735.241,24.388,2042.337,,15.804,,0.0,0.0,0.0,0.0,0.0,,0.0,,0.0,0.0,0.0,0.0,0.0,,0.0
Spain,1969,ESP,33496890.0,312133386240.0,,0.0,0.0,0.0,,,,0.0,,0.628,0.675,3225.455,108.043,,,-5.151,-5.276,2900.357,97.153,,22.292,,,,,13.207,57.189,14634.441,1.571,10.174,36.695,,,11862.691,397.363,,81.986,,0.939,0.939,,,28.041,12.52,0.95,254.962,8.54,,0.194,,25.484,17.264,85.008,913.607,30.603,2537.798,,17.539,28.446,19.336,87.311,938.356,31.432,2606.544,,18.014,,,898.795,2.072,2.303,24.749,0.829,68.746,,0.475,13.849,35.081,288.381,,,8609.195,49.606,0.733,65.967,2.21,,59.5,0.0,0.0,,,0.0,0.0,,0.0,,,0.0,,490.208,25.484,17.264,85.008,913.607,30.603,2537.798,,17.539,,0.0,0.0,0.0,0.0,0.0,,0.0,,0.0,0.0,0.0,0.0,0.0,,0.0
Spain,1970,ESP,33812675.0,321926135808.0,,0.0,0.0,0.0,,,,0.0,,5.64,6.094,3375.563,114.137,,,1.523,1.48,2917.039,98.633,,21.793,,,,,7.864,38.552,15637.939,1.642,11.704,46.507,,,13127.325,443.87,,84.752,-20.43,-0.192,0.747,,,22.104,5.634,0.481,266.811,9.022,,0.143,,-9.251,-7.864,77.144,821.349,27.772,2281.524,,14.73,-8.558,-7.456,79.855,850.036,28.742,2361.694,,15.248,,,11.339,0.261,2.564,27.297,0.923,75.826,,0.49,14.08,40.604,328.986,,,9729.657,-20.526,-0.454,51.937,1.756,,62.816,0.147,0.047,,,0.147,1.39,,4.344,,,0.028,,528.761,-9.097,-7.717,77.291,822.739,27.819,2285.868,,14.758,,0.0,0.0,0.0,0.0,0.0,,0.0,,0.0,0.0,0.0,0.0,0.0,,0.0
Spain,1971,ESP,34157399.0,338048122880.0,,0.0,0.0,0.0,,,,0.0,,0.499,0.57,3358.18,114.707,,,-5.313,-5.241,2734.176,93.392,,19.902,,,,,10.107,53.44,17044.643,1.722,8.319,36.926,,,14075.898,480.796,,83.422,432.432,3.232,3.979,,,116.502,-96.533,-8.709,9.156,0.313,,0.69,,14.561,11.233,88.378,931.453,31.816,2587.368,,15.334,19.654,15.693,95.549,1006.839,34.391,2797.303,,16.578,,,173.348,4.444,7.008,73.864,2.523,205.178,,1.216,10.069,33.124,362.11,,,10601.217,-18.543,-0.326,41.879,1.43,,62.829,0.163,0.052,,10.638,0.016,1.522,,4.757,,,0.028,,582.201,14.555,11.249,88.54,932.975,31.868,2592.126,,15.362,,0.0,0.0,0.0,0.0,0.0,,0.0,,0.0,0.0,0.0,0.0,0.0,,0.0
Spain,1972,ESP,34539817.0,372317356032.0,,0.0,0.0,0.0,,,,0.0,,2.413,2.768,3401.136,117.475,,,2.592,2.42,2773.978,95.813,,18.859,,,,,8.135,47.362,18227.152,1.691,6.283,30.209,,,14794.672,511.005,,82.034,194.416,7.737,11.716,,,339.203,-92.308,-0.289,0.697,0.024,,1.881,,11.482,10.147,98.525,1026.902,35.469,2852.505,,15.817,17.127,16.364,111.913,1166.219,40.281,3240.111,,17.966,,,88.308,6.189,13.197,137.551,4.751,382.087,,2.119,5.442,19.705,381.815,,,11054.333,12.195,0.174,46.466,1.605,,61.295,0.191,0.061,,17.308,0.028,1.766,,5.519,,,0.031,,629.562,11.491,10.175,98.716,1028.668,35.53,2858.024,,15.847,,0.0,0.0,0.0,0.0,0.0,,0.0,,0.0,0.0,0.0,0.0,0.0,,0.0
Spain,1973,ESP,34926478.0,405140635648.0,,0.0,0.0,0.0,,,,0.0,,-2.059,-2.419,3294.222,115.056,,,-8.136,-7.796,2520.067,88.017,,16.829,,,,,9.479,59.675,19733.963,1.701,14.479,73.99,,,16749.328,584.995,,85.568,-3.448,-0.404,11.312,,,323.88,50.0,0.012,1.033,0.036,,1.655,,-18.487,-18.214,80.311,827.796,28.912,2299.433,,11.747,-11.837,-13.246,98.667,1016.793,35.513,2824.982,,14.432,,,37.76,4.983,18.181,187.394,6.545,520.538,,2.659,20.118,76.813,458.627,,,13131.225,453.623,7.28,254.401,8.885,,67.084,0.175,0.056,,-8.197,-0.016,1.603,,5.011,,,0.026,,689.238,-18.469,-18.23,80.486,829.399,28.968,2304.444,,11.773,,0.0,0.0,0.0,0.0,0.0,,0.0,,0.0,0.0,0.0,0.0,0.0,,0.0
Spain,1974,ESP,35361715.0,435579682816.0,,0.0,0.0,0.0,,,,0.0,,-3.144,-3.617,3151.393,111.439,,,1.849,1.627,2535.062,89.644,,15.663,,,,,4.081,28.13,20286.559,1.647,3.645,21.325,,,17146.229,606.32,,85.223,25.0,2.828,14.14,,,399.867,0.0,0.0,1.02,0.036,,1.987,,5.728,4.6,84.911,864.438,30.568,2401.216,,11.935,6.558,6.468,105.134,1070.14,37.842,2973.113,,14.777,,,10.359,1.883,20.064,204.26,7.223,567.39,,2.82,4.822,22.114,480.741,,,13594.968,158.639,14.096,649.88,22.981,,67.572,0.159,0.051,,-8.929,-0.016,1.442,,4.507,,,0.022,,717.367,5.699,4.584,85.07,865.88,30.619,2405.723,,11.957,,0.0,0.0,0.0,0.0,0.0,,0.0,,0.0,0.0,0.0,0.0,0.0,,0.0
Spain,1975,ESP,35795725.0,448574423040.0,,0.0,0.0,0.0,,,,0.0,,10.822,12.06,3450.104,123.499,,,6.159,5.521,2658.56,95.165,,16.878,,,,,2.713,19.461,20584.273,1.643,5.223,31.668,,,17823.025,637.988,,87.193,3.143,0.444,14.584,,,407.434,0.0,0.0,1.008,0.036,,1.993,,-14.731,-12.508,72.403,728.16,26.065,2022.666,,9.895,-10.887,-11.423,93.711,942.068,33.722,2617.951,,12.807,,,4.444,0.892,20.956,210.751,7.544,585.421,,2.864,3.986,19.163,499.905,,,13965.487,2.632,0.605,658.895,23.586,,68.321,0.353,0.113,,121.569,0.194,3.157,,9.865,,,0.048,,736.829,-14.504,-12.315,72.756,731.316,26.178,2032.531,,9.943,,0.0,0.0,0.0,0.0,0.0,,0.0,,0.0,0.0,0.0,0.0,0.0,,0.0
Spain,1976,ESP,36176229.0,469577498624.0,,0.0,0.0,0.0,,,,0.0,,-3.145,-3.884,3306.44,119.615,,,5.17,4.92,2766.587,100.085,,15.274,,,,,6.852,50.49,21763.426,1.677,10.251,65.4,,,19443.393,703.389,,89.821,14.82,2.161,16.746,,,462.895,0.0,0.0,0.998,0.036,,2.138,,-19.693,-14.258,58.144,578.612,20.932,1607.255,,7.425,-14.969,-13.997,79.715,792.62,28.674,2203.517,,10.179,,,0.146,0.031,20.986,208.839,7.555,580.108,,2.68,13.427,67.124,567.028,,,15674.057,-12.623,-2.977,569.666,20.608,,72.408,0.584,0.187,,65.487,0.231,5.169,,16.154,,,0.075,,787.319,-19.325,-14.027,58.729,583.781,21.119,1623.409,,7.499,,0.0,0.0,0.0,0.0,0.0,,0.0,,0.0,0.0,0.0,0.0,0.0,,0.0
Spain,1977,ESP,36551217.0,485921783808.0,,0.0,0.0,0.0,,,,0.0,,7.117,8.513,3505.429,128.128,,,21.136,21.154,3316.96,121.239,,15.843,,,,,3.676,28.941,22331.949,1.68,-3.385,-23.807,,,18592.596,679.582,,84.029,-3.86,-0.646,16.099,,,440.461,33.333,0.012,1.316,0.048,,1.991,,89.318,51.933,110.078,1084.177,39.628,3011.603,,13.611,62.032,49.451,129.166,1271.12,46.461,3533.825,,15.971,,,-13.647,-2.864,18.122,178.489,6.524,495.804,,2.241,-5.586,-31.673,535.355,,,14646.704,-52.37,-10.793,268.547,9.816,,66.196,0.966,0.309,,65.241,0.381,8.454,,26.418,,,0.119,,816.26,89.105,52.315,111.043,1092.631,39.937,3038.022,,13.73,,0.0,0.0,0.0,0.0,0.0,,0.0,,0.0,0.0,0.0,0.0,0.0,,0.0
Spain,1978,ESP,36904917.0,500155449344.0,,0.0,0.0,0.0,,,,0.0,,-14.06,-18.015,2983.69,110.113,,,12.14,14.719,3684.004,135.958,,13.562,,,,,0.413,3.369,22209.215,1.639,-0.248,-1.687,,,18368.68,677.895,,83.491,2.447,0.394,16.493,,,446.913,275.0,0.132,4.889,0.18,,2.031,,1.572,1.731,111.808,1090.668,40.251,3029.632,,13.771,3.777,4.877,134.043,1306.493,48.216,3632.119,,16.509,,,17.244,3.125,21.247,207.262,7.649,575.729,,2.617,2.976,15.934,551.288,,,14938.076,16.114,1.582,308.831,11.397,,67.898,0.988,0.316,,2.265,0.022,8.563,,26.758,,,0.122,,819.629,1.577,1.752,112.796,1099.23,40.567,3056.39,,13.892,,0.0,0.0,0.0,0.0,0.0,,0.0,,0.0,0.0,0.0,0.0,0.0,,0.0
Spain,1979,ESP,37230328.0,508825305088.0,,0.0,0.0,0.0,,,,0.0,,13.973,15.386,3370.89,125.499,,,15.289,20.786,4210.125,156.744,,14.359,,,,,7.701,63.123,23710.557,1.735,7.058,47.849,,,19493.35,725.744,,83.035,-3.368,-0.556,15.938,,,428.086,-33.333,-0.06,3.231,0.12,,1.824,,15.269,17.072,128.881,1246.215,46.397,3461.709,,14.746,10.644,14.233,148.276,1432.918,53.348,3982.668,,16.965,,,-12.407,-2.636,18.611,179.961,6.7,499.891,,2.129,5.989,33.018,584.307,,,15694.373,18.163,2.07,361.736,13.468,,66.853,0.784,0.251,,-20.57,-0.203,6.742,,21.068,,,0.09,,882.752,14.99,16.869,129.665,1252.957,46.648,3482.777,,14.835,,0.0,0.0,0.0,0.0,0.0,,0.0,,0.0,0.0,0.0,0.0,0.0,,0.0
Spain,1980,ESP,37537514.0,525059522560.0,,0.0,0.0,0.0,,,,0.0,,15.272,19.166,3853.893,144.666,,,-8.923,-13.987,3803.069,142.758,,16.413,,,,,0.483,4.264,23630.127,1.689,7.995,58.022,,,20879.547,783.766,,88.924,28.2,4.495,20.432,,,544.317,-100.0,-0.12,0.0,0.0,,2.318,,-36.311,-46.797,82.083,787.212,29.55,2186.701,,9.313,-34.209,-50.656,97.62,935.011,35.098,2600.602,,11.076,,,-22.597,-4.206,14.406,138.155,5.186,383.764,,1.634,5.881,34.362,618.668,,,16481.336,52.052,7.01,545.526,20.478,,70.193,1.131,0.362,,44.223,0.347,9.644,,30.137,,,0.128,,887.016,-35.877,-46.45,83.215,796.856,29.912,2216.838,,9.441,,0.0,0.0,0.0,0.0,0.0,,0.0,,0.0,0.0,0.0,0.0,0.0,,0.0
Spain,1981,ESP,37812657.0,524559220736.0,,0.0,0.0,0.0,,,,0.0,,23.362,33.797,4719.646,178.462,,,-1.776,-2.535,3708.36,140.223,,20.059,,,,,0.812,7.201,23648.625,1.705,2.177,17.066,,,21178.947,800.832,,90.013,14.187,2.899,23.331,,,617.016,,0.0,0.0,0.0,,2.622,,-25.746,-21.133,60.95,580.282,21.942,1611.894,,6.851,-9.015,-8.767,88.853,844.532,31.934,2349.816,,9.987,,,84.497,12.172,26.578,253.037,9.568,702.88,,2.987,-3.173,-19.629,599.039,,,15842.286,-24.449,-5.007,409.149,15.471,,67.332,1.325,0.424,,17.127,0.194,11.213,,35.041,,,0.149,,894.217,-25.227,-20.94,62.275,591.495,22.366,1646.935,,7.0,,0.0,0.0,0.0,0.0,0.0,,0.0,,0.0,0.0,0.0,0.0,0.0,,0.0
Spain,1982,ESP,38047053.0,533517500416.0,,0.0,0.0,0.0,,,,0.0,,10.818,19.306,5197.988,197.768,,,7.398,10.374,3958.176,150.597,,22.258,,,,,-0.047,-0.417,23491.963,1.675,-1.415,-11.335,,,20750.543,789.497,,88.855,9.048,2.111,25.442,,,668.696,,0.0,0.0,0.0,,2.863,,20.003,12.192,73.142,692.064,26.331,1922.4,,8.232,11.445,10.175,99.027,935.394,35.589,2602.762,,11.145,,,-8.33,-2.214,24.364,230.53,8.771,640.362,,2.742,-5.467,-32.752,566.287,,,14883.859,20.0,3.094,487.954,18.565,,63.733,1.522,0.487,,14.858,0.197,12.8,,40.0,,,0.171,,893.8,19.905,12.389,74.664,704.864,26.818,1962.4,,8.403,,0.0,0.0,0.0,0.0,0.0,,0.0,,0.0,0.0,0.0,0.0,0.0,,0.0
Spain,1983,ESP,38253195.0,543778570240.0,,0.0,0.0,0.0,,,,0.0,,5.181,10.246,5437.825,208.014,,,1.583,2.384,3999.167,152.981,,22.872,,,,,2.369,21.174,23918.879,1.683,1.705,13.46,,,20990.6,802.958,,88.29,8.138,2.071,27.512,,,719.218,,0.814,21.274,0.814,,3.025,,2.719,1.989,75.131,707.052,27.047,1964.033,,8.261,7.528,7.467,106.494,1000.387,38.268,2783.936,,11.71,,,21.548,5.25,29.614,278.696,10.661,774.155,,3.256,0.202,1.144,567.431,,,14833.556,93.333,17.328,938.294,35.893,,62.393,1.75,0.56,,14.99,0.228,14.639,,45.748,,,0.192,,914.974,2.942,2.217,76.881,721.691,27.607,2009.781,,8.454,,0.0,0.0,0.0,0.0,0.0,,0.0,,0.0,0.0,0.0,0.0,0.0,,0.0
Spain,1984,ESP,38437433.0,549100126208.0,,0.0,0.0,0.0,,,,0.0,,1.666,3.466,5501.926,211.48,,,-0.973,-1.489,3941.267,151.492,,22.924,,,,,1.597,14.611,24184.359,1.693,-4.201,-33.733,,,20012.375,769.224,,83.382,-17.988,-4.949,22.563,,,587.016,218.891,1.781,67.517,2.595,,2.446,,16.405,12.325,87.456,819.097,31.484,2275.27,,9.48,44.037,46.808,153.302,1434.019,55.12,3988.354,,16.618,,,116.546,34.514,64.128,600.612,23.086,1668.368,,6.951,-5.684,-32.25,535.181,,,13923.432,-20.472,-7.348,742.626,28.545,,58.013,1.719,0.55,,-1.786,-0.031,14.309,,44.716,,,0.186,,929.585,16.036,12.294,89.174,833.406,32.034,2319.986,,9.666,,0.0,0.0,0.0,0.0,0.0,,0.0,,0.0,0.0,0.0,0.0,0.0,,0.0
Spain,1985,ESP,38601263.0,566345400320.0,,0.0,0.0,0.0,,,,0.0,,-1.133,-2.396,5416.51,209.084,1414.591,54.605,-0.844,-1.279,3891.404,150.213,43.145,22.852,,,126.562,15.66,-0.785,-7.302,23892.557,1.628,-2.728,-20.982,1680.411,64.866,19383.869,748.242,51.252,81.779,6.088,1.374,23.937,65.127,2.514,620.109,14.286,0.371,76.835,2.966,1.986,2.616,,-0.626,-0.547,86.908,810.518,31.287,2251.438,24.721,9.499,8.748,13.416,166.718,1552.851,59.942,4318.97,47.362,18.221,,,21.476,13.772,77.9,726.505,28.044,2018.069,22.158,8.514,-3.73,-19.96,515.221,200.693,7.747,13347.25,-4.609,-1.316,705.391,27.229,6.121,56.311,1.909,0.611,,11.091,0.191,15.828,,49.464,0.483,,0.209,3278.699,922.283,-0.425,-0.357,88.818,826.346,31.898,2300.902,25.203,9.707,,0.0,0.0,0.0,0.0,0.0,0.0,0.0,,0.0,0.0,0.0,0.0,0.0,0.0,0.0
Spain,1986,ESP,38735655.0,590018510848.0,,0.0,0.0,0.0,,,,0.0,,3.627,7.583,5593.475,216.667,1414.924,54.808,2.462,3.698,3973.379,153.911,42.64,23.181,,,128.537,15.678,2.104,19.409,24310.732,1.596,0.949,7.103,1629.326,63.113,19499.982,755.345,49.101,80.814,17.806,4.262,28.199,54.678,2.118,727.991,47.727,1.416,113.112,4.381,1.648,3.017,,-15.319,-13.314,73.594,683.969,26.494,1899.915,20.612,7.874,7.587,12.608,179.326,1664.874,64.49,4629.473,50.172,19.186,,,33.569,26.15,104.05,967.016,37.458,2686.156,29.142,11.132,-0.92,-4.742,510.479,159.724,6.187,13178.518,-1.669,-0.454,691.213,26.775,4.813,54.616,1.681,0.538,,-11.948,-0.228,13.889,,43.403,0.419,,0.18,3318.303,941.692,-15.255,-13.542,75.276,697.858,27.032,1943.318,21.031,8.054,,0.0,0.0,0.0,0.0,0.0,0.0,0.0,,0.0,0.0,0.0,0.0,0.0,0.0,0.0
Spain,1987,ESP,38851959.0,632708988928.0,,0.0,0.0,0.0,,,,0.0,,-2.984,-6.466,5410.296,210.201,1408.526,54.724,-13.148,-20.236,3440.631,133.675,41.25,21.694,,,132.665,15.687,3.682,34.67,25130.309,1.543,2.799,21.142,1612.686,62.656,19985.768,776.486,47.229,80.137,7.056,1.99,30.189,38.505,1.496,777.024,91.303,4.0,215.74,8.382,1.128,3.116,,3.355,2.469,76.064,704.804,27.383,1957.787,20.641,7.85,7.33,13.139,192.465,1781.557,69.217,4953.802,52.174,19.863,,,10.179,10.592,114.642,1062.263,41.271,2950.73,31.109,11.832,5.018,25.618,536.097,165.654,6.436,13798.446,-10.986,-2.942,613.433,23.833,4.851,55.328,1.759,0.563,,4.647,0.078,14.491,,45.284,0.424,,0.182,3414.64,976.362,3.381,2.548,77.823,719.294,27.946,2003.072,21.065,8.032,,0.0,0.0,0.0,0.0,0.0,0.0,0.0,,0.0,0.0,0.0,0.0,0.0,0.0,0.0
Spain,1988,ESP,38952207.0,674675687424.0,,0.0,0.0,0.0,,,,0.0,,-13.234,-27.819,4682.19,182.382,1105.74,43.071,-5.272,-7.048,3250.842,126.627,31.04,18.05,,,138.759,16.199,4.447,43.424,26180.426,1.512,-0.807,-6.269,1318.873,51.373,19773.383,770.217,37.023,76.228,29.04,8.767,38.956,35.043,1.365,1000.09,24.0,2.012,266.829,10.394,0.984,3.855,,28.715,21.842,97.906,904.852,35.246,2513.479,25.401,9.69,24.803,47.727,240.192,2217.718,86.385,6166.326,62.255,23.772,,,22.28,25.542,140.183,1295.588,50.466,3598.854,36.37,13.874,2.384,12.783,548.88,178.09,6.937,14091.102,-8.179,-1.949,561.808,21.884,4.999,54.323,2.103,0.673,,19.538,0.344,17.278,,53.992,0.485,,0.208,3562.29,1019.785,28.53,22.185,100.009,922.13,35.919,2567.471,25.886,9.898,,0.0,0.0,0.0,0.0,0.0,0.0,0.0,,0.0,0.0,0.0,0.0,0.0,0.0,0.0
Spain,1989,ESP,39029506.0,719992455168.0,,0.0,0.0,0.0,,,,0.0,,23.275,42.45,5760.543,224.831,1527.614,59.622,6.98,8.839,3470.865,135.466,40.544,21.18,,,147.055,15.879,4.766,48.602,27373.846,1.484,10.361,79.798,1797.563,70.158,21778.787,850.015,47.709,80.075,28.364,11.049,50.005,35.819,1.398,1281.213,76.954,7.998,471.229,18.392,0.951,4.711,,-45.103,-44.158,53.747,495.753,19.349,1377.092,13.158,5.063,-11.938,-28.68,211.512,1949.091,76.072,5419.284,51.731,19.925,,,11.215,15.722,155.906,1438.04,56.126,3994.556,38.167,14.687,4.791,26.299,575.179,234.131,9.138,14737.03,-21.469,-4.698,440.317,17.185,6.214,54.184,1.806,0.578,,-14.116,-0.297,14.809,,46.279,0.393,,0.17,3767.778,1068.388,-44.469,-44.402,55.606,511.051,19.946,1424.728,13.564,5.238,,0.017,0.017,0.155,0.006,0.431,0.004,0.002,,0.036,0.036,0.333,0.013,0.925,0.009,0.003
Spain,1990,ESP,39084924.0,756125007872.0,,0.0,0.0,0.0,13.816,0.54,0.357,0.0,,-0.621,-1.396,5716.669,223.436,1528.467,59.74,-2.275,-3.082,3387.094,132.384,39.521,21.061,150.74,3856.73,151.16,16.464,0.034,0.367,27344.418,1.413,-1.434,-12.185,1812.975,70.86,21436.143,837.83,46.877,78.972,15.577,7.789,57.794,38.634,1.51,1478.688,-10.909,-2.006,419.227,16.385,0.999,5.448,,31.345,16.847,70.594,651.658,25.47,1806.181,16.85,6.654,5.484,11.576,223.088,2054.501,80.3,5707.781,53.123,21.028,-0.42,-0.279,-3.31,-5.161,150.744,1388.515,54.27,3856.844,35.902,14.209,-3.23,-18.579,556.6,245.875,9.61,14240.786,-12.587,-2.163,384.347,15.022,6.358,52.464,1.694,0.54,0.0,-6.228,-0.112,13.816,0.0,43.335,0.357,0.0,0.16,3867.476,1068.755,30.231,16.737,72.344,665.986,26.03,1850.937,17.22,6.819,-1.0,-0.0,0.017,0.256,0.01,0.426,0.007,0.002,7.692,0.003,0.039,0.256,0.01,0.995,0.007,0.004
Spain,1991,ESP,39201702.0,786757910528.0,,0.0,0.0,0.0,13.775,0.54,0.349,0.0,,4.096,9.153,5933.119,232.588,1499.935,58.8,-8.319,-11.014,3096.057,121.371,38.007,21.178,154.03,3929.166,154.71,16.29,3.533,37.764,28226.289,1.406,3.404,28.517,1819.309,71.32,22099.736,866.347,46.099,78.883,12.658,7.316,65.11,34.692,1.36,1660.903,-6.122,-1.003,392.388,15.382,0.879,5.928,,7.35,5.189,75.783,695.123,27.25,1933.164,17.614,6.9,3.963,8.833,231.922,2127.204,83.39,5916.108,53.901,21.117,-0.68,-0.441,2.414,3.639,154.383,1417.796,55.58,3938.179,35.925,14.057,2.165,12.049,568.649,284.682,11.16,14505.714,24.717,3.713,477.919,18.735,7.213,51.777,1.694,0.54,0.0,0.0,0.0,13.775,0.0,43.206,0.349,0.0,0.154,3946.512,1106.519,7.199,5.194,77.538,709.408,27.81,1977.929,17.976,7.06,16.667,0.003,0.019,0.255,0.01,0.496,0.006,0.002,7.143,0.003,0.042,0.255,0.01,1.063,0.006,0.004
Spain,1992,ESP,39420297.0,803260989440.0,,0.0,0.0,0.0,14.46,0.57,0.364,0.0,,2.025,4.71,6019.704,237.299,1629.11,64.22,1.591,1.931,3127.862,123.301,40.996,20.593,157.29,3990.076,156.65,15.386,4.755,52.609,29404.346,1.443,8.817,76.389,2061.628,81.27,23914.988,942.736,51.88,81.81,4.56,2.969,68.079,43.379,1.71,1727.014,-8.411,-1.294,357.39,14.088,1.092,5.908,,-30.65,-23.228,52.556,479.956,18.92,1333.21,12.078,4.561,-9.633,-22.311,209.611,1912.213,75.38,5317.331,48.12,18.19,0.64,0.407,0.367,0.567,154.95,1415.007,55.78,3930.716,35.608,13.446,12.083,68.709,637.358,389.14,15.34,16168.27,-3.962,-0.742,456.44,17.993,9.793,55.31,1.797,0.57,0.0,6.089,0.103,14.46,0.0,45.582,0.364,0.0,0.156,3973.841,1159.128,-29.591,-22.877,54.661,497.206,19.6,1386.615,12.512,4.743,14.286,0.003,0.022,0.254,0.01,0.564,0.006,0.002,586.667,0.244,0.286,2.537,0.1,7.258,0.064,0.025
Spain,1993,ESP,39651575.0,794221281280.0,,0.0,0.0,0.0,14.627,0.58,0.374,0.0,,-10.047,-23.842,5383.317,213.457,1574.212,62.42,-1.613,-1.989,3059.461,121.312,40.24,19.166,156.39,3944.106,155.12,16.003,-3.246,-37.627,28283.904,1.412,-5.792,-54.606,1864.491,73.93,22398.35,888.13,47.66,79.744,-1.909,-1.3,66.78,30.264,1.2,1684.162,-45.299,-6.382,194.357,7.707,0.774,5.996,,28.842,15.158,67.714,615.865,24.42,1707.723,15.743,6.08,7.631,15.982,225.593,2047.586,81.19,5689.375,52.34,20.256,1.27,0.812,0.498,0.772,155.722,1413.815,56.06,3927.264,36.14,13.982,-4.623,-29.465,607.893,260.015,10.31,15330.87,-21.534,-3.875,356.063,14.118,6.646,54.582,1.809,0.58,0.0,0.696,0.013,14.627,0.0,45.632,0.374,0.0,0.162,3912.076,1121.501,27.925,15.21,69.87,633.771,25.13,1762.111,16.2,6.274,12.5,0.003,0.025,0.252,0.01,0.63,0.006,0.002,12.621,0.036,0.322,3.026,0.12,8.126,0.077,0.029
Spain,1994,ESP,39858677.0,820138278912.0,,0.0,0.0,0.0,16.057,0.64,0.4,0.0,,3.095,6.606,5521.078,220.063,1544.708,61.57,-5.397,-6.548,2879.296,114.765,38.436,18.869,162.05,4065.614,160.19,15.764,4.743,53.19,29471.416,1.432,4.92,43.696,1902.221,75.82,23378.23,931.825,47.331,79.899,9.641,6.438,73.218,81.287,3.24,1836.938,-69.7,-5.371,58.585,2.335,2.023,6.278,,15.601,10.564,78.278,708.503,28.24,1963.883,17.629,6.712,3.914,8.843,234.436,2116.729,84.37,5881.674,52.669,20.101,1.86,1.148,-1.333,-2.075,153.647,1387.653,55.31,3854.8,34.528,13.174,5.042,30.651,638.545,276.226,11.01,16020.215,-12.297,-1.736,310.657,12.382,6.873,54.751,1.997,0.64,0.0,10.363,0.188,16.057,0.0,50.099,0.4,0.0,0.171,4018.949,1174.692,15.641,10.918,80.789,729.076,29.06,2026.875,18.141,6.927,11.111,0.003,0.028,0.251,0.01,0.697,0.006,0.002,50.862,0.164,0.486,4.265,0.17,12.196,0.106,0.042
Spain,1995,ESP,40052688.0,855020273664.0,,0.0,0.0,0.0,25.217,1.01,0.612,0.0,,0.238,0.523,5507.401,220.586,1645.583,65.91,-1.358,-1.558,2826.438,113.206,39.929,18.203,169.56,4233.424,165.07,15.435,3.807,44.718,30445.145,1.426,6.205,57.818,2127.947,85.23,24708.541,989.643,51.633,81.665,22.638,16.575,89.793,93.627,3.75,2241.878,110.12,2.571,122.503,4.907,2.272,7.41,,-17.984,-14.078,64.2,576.241,23.08,1602.889,13.982,5.298,-5.282,-12.243,222.193,1993.374,79.84,5547.511,48.367,18.335,4.49,2.648,0.257,0.394,154.042,1384.676,55.46,3845.976,33.598,12.711,6.377,40.719,679.264,388.738,15.57,16959.262,-20.331,-2.517,246.299,9.865,9.432,56.052,3.159,1.01,0.0,58.216,1.163,25.217,0.0,78.88,0.612,0.0,0.261,4121.322,1219.41,-15.846,-12.638,68.151,608.698,24.38,1701.535,14.769,5.624,50.0,0.014,0.042,0.499,0.02,1.04,0.012,0.003,54.286,0.264,0.75,6.741,0.27,18.725,0.164,0.062
Spain,1996,ESP,40237332.0,885027504128.0,,0.0,0.0,0.0,26.841,1.08,0.624,0.0,,-15.501,-34.192,4632.365,186.394,1340.546,53.94,-1.243,-1.407,2778.493,111.799,31.141,14.841,174.27,4331.053,173.21,16.008,3.867,47.158,31477.441,1.431,-0.523,-5.175,1879.598,75.63,24466.533,984.468,43.664,78.386,11.912,10.696,100.49,168.749,6.79,2497.424,12.256,0.601,136.886,5.508,3.92,8.001,,72.214,46.361,110.561,988.883,39.79,2747.725,22.972,8.803,22.198,49.269,271.462,2425.111,97.58,6746.524,56.336,21.614,1.06,0.608,1.578,2.431,156.472,1399.944,56.33,3888.732,32.521,12.459,2.697,18.32,697.584,370.303,14.9,17336.742,-34.931,-3.446,159.528,6.419,8.602,55.543,3.384,1.08,0.0,7.122,0.225,26.841,0.0,84.11,0.624,0.0,0.269,4304.709,1266.568,69.047,46.839,114.99,1025.167,41.25,2857.792,23.815,9.156,-20.0,-0.008,0.033,0.497,0.02,0.828,0.012,0.003,34.815,0.261,1.011,8.947,0.36,25.129,0.208,0.081
Spain,1997,ESP,40423773.0,925901389824.0,,0.0,0.0,0.0,36.117,1.46,0.772,0.0,,14.525,27.075,5280.771,213.469,1550.325,62.67,0.198,0.221,2771.144,112.02,33.136,16.322,186.06,4602.737,189.13,16.544,4.029,51.026,32594.529,1.423,6.753,66.476,2396.115,96.86,25998.172,1050.944,51.213,80.358,30.848,30.999,131.489,449.488,18.17,3252.764,-61.769,-3.402,52.091,2.106,9.607,10.054,,-12.622,-13.956,96.606,859.643,34.75,2389.82,18.374,7.387,-5.428,-14.582,256.88,2282.568,92.27,6354.681,48.787,19.642,-3.07,-1.65,-1.832,-2.867,153.606,1368.007,55.3,3799.881,29.239,11.745,1.204,8.402,705.987,396.301,16.02,17464.639,-26.73,-1.716,116.347,4.703,8.47,53.982,4.572,1.46,0.0,35.088,1.188,36.117,0.0,113.099,0.772,0.0,0.35,4678.683,1317.594,-10.337,-11.715,103.275,914.561,36.97,2554.8,19.547,7.897,8.333,0.003,0.036,0.495,0.02,0.893,0.011,0.003,103.846,1.05,2.061,18.306,0.74,50.988,0.391,0.158
Spain,1998,ESP,40617392.0,976805822464.0,,0.0,0.0,0.0,37.669,1.53,0.791,0.0,,-4.707,-10.048,5008.208,203.42,1516.099,61.58,-4.091,-4.582,2645.119,107.438,31.842,14.874,196.79,4844.969,193.39,16.162,4.55,59.95,33915.125,1.41,4.731,49.724,2400.696,97.51,27098.455,1100.669,50.421,80.483,2.66,3.498,134.987,399.09,16.21,3323.381,-37.189,-0.783,32.563,1.323,8.382,9.871,,-2.223,-2.147,94.458,836.834,33.99,2325.564,17.576,6.907,3.903,10.029,266.909,2360.565,95.88,6571.307,49.579,19.517,3.4,1.728,6.682,10.264,163.869,1452.334,58.99,4034.465,30.503,11.982,7.971,56.275,762.261,485.506,19.72,18766.867,44.737,2.104,167.594,6.807,10.197,55.738,4.784,1.53,0.0,4.648,0.213,37.669,0.0,117.791,0.791,0.0,0.35,4761.261,1377.544,-0.251,-0.235,103.04,908.232,36.89,2536.843,19.075,7.534,15.385,0.006,0.042,0.492,0.02,1.026,0.01,0.003,82.21,1.694,3.756,33.237,1.35,92.462,0.698,0.275
Spain,1999,ESP,40812809.0,1031651262464.0,,0.0,0.0,0.0,39.693,1.62,0.788,0.0,,12.075,24.563,5586.062,227.983,1803.6,73.61,-7.058,-7.583,2446.664,99.855,35.797,15.904,211.35,5178.521,205.63,16.072,4.655,64.13,35324.043,1.397,8.426,92.738,2929.718,119.57,29240.984,1193.407,58.148,83.254,14.474,19.538,154.525,467.01,19.06,3786.196,27.903,0.369,41.45,1.692,9.269,10.78,,-32.766,-30.95,63.508,559.138,22.82,1556.088,11.098,4.43,-10.111,-26.866,240.043,2108.652,86.06,5881.562,41.852,16.746,5.72,2.706,-0.239,-0.392,163.478,1441.949,58.85,4005.551,28.619,11.404,6.381,48.637,810.899,659.107,26.9,19868.727,-44.732,-3.045,92.182,3.762,13.082,56.57,5.387,1.62,0.0,12.606,0.603,39.693,0.0,132.005,0.788,0.0,0.376,5038.369,1441.673,-25.892,-26.475,76.565,666.702,27.21,1876.011,13.233,5.341,13.333,0.006,0.047,0.735,0.03,1.157,0.015,0.003,102.959,3.867,7.622,67.136,2.74,186.761,1.332,0.532
Spain,2000,ESP,41019721.0,1094998753280.0,,0.0,0.0,0.0,36.324,1.49,0.674,0.0,470.94,6.8,15.503,5935.82,243.486,1928.097,79.09,-2.854,-2.849,2364.858,97.006,35.8,16.068,225.36,5493.943,220.92,16.495,5.804,83.675,37185.727,1.393,4.122,49.196,3028.3,124.22,30292.811,1242.603,56.229,81.999,14.521,22.439,176.964,491.958,20.18,4314.12,7.235,0.122,44.225,1.814,9.135,11.678,104.04,29.336,18.631,82.139,688.937,28.26,2002.424,12.792,5.42,13.705,32.736,272.78,2357.403,96.7,6649.96,43.771,18.001,4.44,1.97,5.699,9.317,172.794,1516.588,62.21,4212.472,28.16,11.403,1.388,11.254,822.153,608.244,24.95,20042.871,-21.631,-0.814,71.877,2.948,11.294,54.254,4.666,1.49,0.0,-13.399,-0.722,36.324,0.0,113.741,0.674,0.0,0.308,5385.702,1525.348,30.935,23.42,99.985,840.815,34.49,2437.488,15.612,6.598,5.882,0.003,0.05,0.244,0.01,1.219,0.005,0.003,72.267,5.508,13.131,115.31,4.73,320.103,2.141,0.866
Spain,2001,ESP,41245551.0,1147959115776.0,,0.0,0.0,0.0,39.519,1.63,0.699,0.0,422.534,-8.445,-20.562,5404.797,222.924,1703.699,70.27,-5.731,-5.559,2217.131,91.447,30.15,14.154,236.52,5734.437,233.07,16.953,4.047,61.73,38478.77,1.383,1.546,19.215,2910.859,120.06,30592.814,1261.818,51.512,80.117,7.759,13.73,190.694,566.364,23.36,4623.392,218.224,3.959,139.963,5.773,10.023,12.108,98.48,38.745,31.195,113.334,991.38,40.89,2747.793,17.544,7.196,15.442,40.378,313.158,2739.932,113.01,7592.52,48.488,19.883,3.45,1.459,2.415,3.195,175.989,1544.651,63.71,4266.859,27.335,11.174,3.168,26.046,848.199,640.796,26.43,20564.625,48.994,1.445,106.506,4.393,11.34,53.855,5.097,1.63,0.0,9.243,0.431,39.519,0.0,123.574,0.699,0.0,0.324,5650.792,1587.078,38.072,37.184,137.169,1195.28,49.3,3325.661,21.152,8.709,33.333,0.016,0.066,0.485,0.02,1.607,0.009,0.004,42.987,5.541,18.671,163.896,6.76,452.686,2.9,1.185
Spain,2002,ESP,41755656.0,1191323500544.0,,0.0,0.0,0.0,62.028,2.59,1.08,0.0,481.931,12.677,28.261,6015.586,251.185,1944.168,81.18,-2.277,-2.082,2140.187,89.365,33.838,15.652,245.24,5873.216,239.91,16.756,1.736,27.548,38668.434,1.355,5.848,73.797,3441.929,143.72,31986.424,1335.614,59.906,83.226,14.337,27.34,218.034,775.703,32.39,5221.672,4.554,0.263,144.549,6.036,13.501,13.586,115.62,-44.134,-50.54,62.795,508.195,21.22,1503.857,8.845,3.913,-13.482,-43.959,269.199,2303.64,96.19,6447.008,40.094,16.774,5.33,2.173,-1.086,-3.342,172.647,1509.257,63.02,4134.687,26.268,10.758,2.145,18.196,866.395,722.058,30.15,20749.166,-9.701,-0.426,95.0,3.967,12.567,53.987,8.081,2.59,0.0,58.553,2.984,62.028,0.0,193.537,1.08,0.0,0.504,5745.569,1614.626,-29.455,-40.616,96.552,794.383,33.17,2312.321,13.826,6.016,25.0,0.016,0.082,0.479,0.02,1.968,0.008,0.005,38.216,6.923,25.595,223.682,9.34,612.959,3.893,1.595
Spain,2003,ESP,42506499.0,1239651844096.0,,0.0,0.0,0.0,74.812,3.18,1.236,0.0,429.265,-6.802,-17.084,5507.399,234.1,1758.084,74.73,-7.028,-6.28,1954.636,83.085,29.044,13.921,258.56,6082.834,257.3,17.434,4.964,80.155,39871.102,1.367,1.693,22.608,3285.85,139.67,31953.293,1358.223,54.283,80.767,13.875,30.253,248.287,926.211,39.37,5841.161,-60.148,-3.63,56.588,2.405,15.301,14.765,110.45,79.119,49.069,111.864,952.325,40.48,2631.686,15.733,6.652,20.772,54.225,323.424,2767.342,117.63,7608.815,45.717,19.233,1.26,0.487,-1.811,-4.05,168.597,1455.777,61.88,3966.375,24.05,10.026,1.09,9.44,875.835,601.555,25.57,20604.732,2.917,0.116,96.044,4.082,9.938,52.082,9.95,3.18,0.0,23.125,1.869,74.812,0.0,234.082,1.236,0.0,0.592,6053.192,1694.781,61.575,58.275,154.827,1311.564,55.75,3642.44,21.667,9.207,36.667,0.03,0.112,0.471,0.02,2.628,0.008,0.007,29.255,7.307,32.902,283.957,12.07,774.044,4.691,1.957
Spain,2004,ESP,43234511.0,1289831710720.0,,0.0,0.0,0.0,77.022,3.33,1.204,0.0,449.152,4.571,10.7,5662.14,244.8,1829.557,79.1,-3.108,-2.582,1862.005,80.503,28.596,14.129,273.58,6327.815,276.61,18.02,2.931,49.678,40348.77,1.352,4.641,63.039,3767.129,162.87,32873.324,1421.262,58.881,82.031,17.884,44.403,292.691,1282.771,55.46,6769.841,66.512,1.6,92.639,4.005,20.05,16.893,124.24,-22.843,-26.021,85.843,718.87,31.08,1985.516,11.236,4.955,-3.266,-12.102,311.322,2630.769,113.74,7200.781,41.119,17.969,-3.03,-1.108,2.798,3.777,172.374,1471.278,63.61,3986.954,22.996,9.949,0.906,7.936,883.771,654.801,28.31,20441.342,-8.842,-0.361,86.078,3.722,10.235,51.009,10.406,3.33,0.0,4.585,0.456,77.022,0.0,240.693,1.204,0.0,0.601,6397.898,1744.459,-9.923,-15.879,138.948,1159.49,50.13,3213.827,18.123,8.02,36.585,0.04,0.152,0.463,0.02,3.51,0.007,0.009,30.021,9.646,42.547,363.136,15.7,984.108,5.676,2.456
Spain,2005,ESP,43958840.0,1348839669760.0,,0.0,0.0,0.0,60.284,2.65,0.915,0.0,475.092,-2.546,-6.234,5427.035,238.566,1798.5,79.06,-4.276,-3.443,1753.011,77.06,27.313,13.556,288.12,6554.313,289.46,18.186,1.483,25.87,40272.441,1.312,4.965,70.57,4314.263,189.65,33937.016,1491.832,65.519,84.769,18.562,54.329,347.02,1797.363,79.01,7894.193,-53.352,-2.137,42.502,1.868,27.296,19.718,137.52,-43.579,-37.8,48.043,418.346,18.39,1092.909,6.353,2.73,-13.192,-43.279,268.043,2270.533,99.81,6097.598,34.481,15.231,-1.34,-0.465,-9.538,-17.699,154.675,1308.952,57.54,3518.626,19.878,8.789,2.543,22.475,906.246,718.399,31.58,20615.789,-48.565,-1.807,43.545,1.914,10.91,51.495,8.291,2.65,0.0,-20.33,-2.116,60.284,0.0,188.6,0.915,0.0,0.471,6584.796,1770.33,-17.769,-25.58,113.369,961.581,42.27,2578.971,14.603,6.442,-26.786,-0.042,0.11,1.137,0.05,2.507,0.017,0.006,34.879,14.377,56.925,481.814,21.18,1294.955,7.317,3.235
Spain,2006,ESP,44695400.0,1415738556416.0,,0.0,0.0,0.0,61.975,2.77,0.937,0.0,432.795,-12.699,-30.296,4659.765,208.27,1493.219,66.74,-5.78,-4.454,1624.463,72.606,22.579,11.76,292.31,6540.046,295.59,18.684,0.719,12.737,39893.738,1.259,-1.48,-22.086,4101.317,183.31,32883.598,1469.746,62.015,82.989,4.655,16.154,363.174,2026.383,90.57,8125.527,-56.328,-1.052,18.256,0.816,30.64,20.507,127.93,44.863,21.182,69.225,580.82,25.96,1548.808,8.782,3.909,13.019,33.224,301.268,2512.115,112.28,6740.462,37.985,17.011,-3.28,-1.122,4.496,6.09,160.765,1345.329,60.13,3596.896,20.342,9.078,-0.877,-7.944,898.302,581.715,26.0,20098.307,-3.189,-0.061,41.461,1.853,8.796,50.722,8.669,2.77,0.0,4.561,0.378,61.975,0.0,193.952,0.937,0.0,0.489,6613.432,1783.067,24.766,27.134,140.503,1166.787,52.15,3143.567,17.643,7.933,190.244,0.208,0.318,2.685,0.12,7.119,0.041,0.018,10.016,5.367,62.291,521.306,23.3,1393.688,7.883,3.517
Spain,2007,ESP,45516452.0,1481143222272.0,,4.907,107.812,4.907,63.713,2.9,0.961,0.27,438.879,11.889,24.76,5119.694,233.03,1599.422,72.8,-6.055,-4.396,1498.577,68.21,24.117,12.832,296.11,6505.56,301.86,18.557,2.543,45.341,40170.27,1.234,2.626,38.596,4140.481,188.46,33138.391,1508.342,62.433,83.061,1.762,6.399,369.573,2082.763,94.8,8119.541,-75.342,-0.615,4.42,0.201,31.405,20.351,132.48,5.187,3.204,72.428,600.003,27.31,1591.253,9.047,3.988,5.357,6.345,307.612,2491.407,113.4,6758.269,37.567,16.939,-5.75,-1.942,-8.354,-14.214,146.551,1210.551,55.1,3219.727,18.253,8.07,0.828,7.437,905.739,458.296,20.86,19899.156,-8.234,-0.153,37.361,1.701,6.91,49.877,9.056,2.9,0.0,4.47,0.387,63.713,0.0,198.967,0.961,0.0,0.499,6631.887,1828.408,21.187,20.559,161.062,1280.855,58.3,3538.542,19.314,8.869,326.891,1.033,1.351,11.424,0.52,29.683,0.172,0.074,18.333,11.028,73.319,605.715,27.57,1610.828,9.133,4.037
Spain,2008,ESP,46235010.0,1510615285760.0,95.595,4.691,207.599,9.598,70.509,3.26,1.052,0.545,390.264,-32.605,-75.979,3396.809,157.052,1053.531,48.71,-25.422,-17.34,1100.24,50.87,15.724,8.919,298.75,6461.554,309.79,19.854,-2.943,-53.814,38382.043,1.175,-5.218,-78.709,4080.674,188.67,30920.996,1429.633,60.903,81.191,9.835,36.349,405.922,2612.739,120.8,8779.531,-9.932,-0.02,3.919,0.181,38.994,23.053,120.9,-13.59,-10.338,62.09,505.245,23.36,1342.915,7.541,3.526,10.713,23.58,331.192,2619.66,121.12,7163.237,39.097,18.809,-11.04,-3.695,7.023,9.051,155.602,1275.44,58.97,3365.449,19.035,8.837,-4.315,-39.08,866.659,414.405,19.16,18744.654,-2.692,-0.046,35.79,1.655,6.185,49.219,10.172,3.26,0.0,12.319,1.116,70.509,0.0,220.004,1.052,0.0,0.578,6700.334,1774.594,13.935,14.529,175.591,1344.219,62.15,3797.788,20.062,9.972,407.48,5.451,6.802,55.802,2.58,147.12,0.833,0.386,19.508,13.61,86.929,712.663,32.95,1880.15,10.636,4.937
Spain,2009,ESP,46635128.0,1468765831168.0,68.976,6.621,347.782,16.219,74.836,3.49,1.2,0.991,355.05,-30.169,-47.381,2351.68,109.671,770.02,35.91,-12.89,-6.557,950.192,44.312,12.352,6.699,282.62,6060.238,290.72,20.326,-6.903,-122.495,35426.062,1.125,-9.959,-142.373,3514.089,163.88,27602.785,1287.26,56.37,78.628,-10.555,-42.845,363.077,2310.49,107.75,7785.488,-11.965,-0.022,3.421,0.16,37.063,22.177,103.22,11.986,7.077,69.167,566.311,26.41,1483.144,9.084,4.225,9.026,18.691,349.884,2719.838,126.84,7502.574,43.63,21.372,-8.1,-2.866,-10.533,-17.12,138.481,1131.336,52.76,2969.459,18.148,8.459,-6.017,-52.148,814.511,433.579,20.22,17465.619,-12.602,-0.209,31.011,1.446,6.955,49.752,10.653,3.49,0.0,4.725,0.481,74.836,0.0,228.423,1.2,0.0,0.651,6233.927,1652.099,25.066,35.812,211.402,1588.502,74.08,4533.115,25.482,12.913,135.335,9.122,15.924,129.945,6.06,341.453,2.084,0.973,14.997,12.512,99.441,817.41,38.12,2132.313,13.112,6.074
Spain,2010,ESP,46840419.0,1480376320000.0,37.23,6.038,475.169,22.257,85.61,4.01,1.347,1.331,288.247,-26.861,-29.459,1712.455,80.212,540.772,25.33,-13.502,-5.983,818.299,38.329,8.506,4.796,289.47,6179.919,297.8,20.997,2.436,40.249,36130.066,1.143,-3.96,-50.981,2947.027,138.04,26393.404,1236.278,46.353,73.916,-0.306,-1.113,361.965,2024.96,94.85,7727.614,261.442,0.417,12.31,0.577,31.85,21.642,85.84,59.513,40.301,109.468,903.066,42.3,2337.041,14.204,6.545,26.472,86.374,436.257,3410.729,159.76,9313.692,53.647,26.084,-8.33,-2.878,16.778,21.97,160.452,1323.43,61.99,3425.494,20.816,9.593,-2.506,-20.41,794.101,381.295,17.86,16953.336,10.074,0.146,33.986,1.592,5.997,47.479,11.93,4.01,0.0,11.993,1.278,85.61,0.0,254.697,1.347,0.0,0.713,6357.757,1692.348,32.159,64.403,275.806,2087.3,97.77,5888.199,32.831,16.49,16.441,2.473,18.397,153.5,7.19,392.758,2.414,1.1,15.294,14.313,113.754,945.124,44.27,2428.534,14.866,6.801
Spain,2011,ESP,46997994.0,1477187469312.0,17.83,3.968,558.013,26.225,98.089,4.61,1.581,1.595,337.312,85.457,68.547,3165.227,148.759,935.785,43.98,-19.648,-7.531,655.316,30.799,15.085,9.048,285.45,6073.664,291.54,20.619,-1.831,-30.992,35349.504,1.125,0.502,6.209,3112.686,146.29,26437.016,1242.487,50.178,75.574,-7.046,-25.504,336.461,1819.439,85.51,7159.047,1.976,0.011,12.511,0.588,29.33,20.465,98.34,-27.214,-30.204,79.264,651.092,30.6,1686.545,10.496,4.821,-5.702,-34.68,401.577,3090.557,145.25,8544.56,49.822,24.426,-6.09,-2.133,-6.301,-10.889,149.562,1228.138,57.72,3182.31,19.798,9.097,-4.639,-36.835,757.266,357.462,16.8,16112.74,-15.761,-0.251,28.533,1.341,5.763,46.061,14.109,4.61,0.0,18.267,2.179,98.089,0.0,300.212,1.581,0.0,0.858,6203.244,1661.356,-5.391,-23.791,252.015,1862.42,87.53,5362.25,30.023,15.329,22.863,4.089,22.486,200.009,9.4,478.443,3.224,1.368,-2.858,-3.823,109.93,913.23,42.92,2339.037,14.722,6.686
Spain,2012,ESP,47018277.0,1433478627328.0,24.534,6.434,694.616,32.66,105.916,4.98,1.694,2.003,351.148,21.116,31.413,3831.956,180.172,1171.247,55.07,-7.097,-2.186,608.546,28.613,18.734,11.051,282.75,6013.619,293.95,21.094,-0.833,-13.845,35039.801,1.149,-2.419,-30.051,3094.754,145.51,25786.465,1212.435,49.502,74.366,-1.25,-4.205,332.256,1559.181,73.31,7066.531,13.901,0.082,14.244,0.67,24.94,20.379,103.22,-32.851,-26.313,52.951,437.064,20.55,1126.18,6.991,3.248,6.411,16.36,417.937,3157.07,148.44,8888.814,50.498,25.634,-11.2,-3.961,6.477,8.866,158.428,1307.364,61.47,3369.494,20.912,9.717,-7.561,-57.259,700.007,364.326,17.13,14887.979,38.938,0.522,39.627,1.863,5.828,42.935,15.553,4.98,0.0,10.233,1.444,105.916,0.0,330.79,1.694,0.0,0.954,6251.824,1647.511,6.377,7.494,259.509,1849.706,86.97,5519.32,29.587,15.917,37.863,8.354,30.84,254.582,11.97,655.915,4.072,1.892,16.589,17.575,127.505,1052.144,49.47,2711.821,16.829,7.821
Spain,2013,ESP,46860345.0,1413362089984.0,-58.283,-19.035,290.752,13.625,123.772,5.8,2.061,0.875,286.897,-26.433,-47.625,2828.556,132.547,852.32,39.94,-28.361,-8.115,437.424,20.498,14.19,8.512,274.71,5862.312,281.46,21.76,-4.187,-68.98,33685.852,1.117,-8.31,-100.749,2418.249,113.32,23723.393,1111.686,40.261,71.392,-8.721,-28.975,303.281,1227.904,57.54,6472.017,-2.059,-0.014,13.998,0.656,20.443,19.477,80.75,79.021,41.115,94.066,786.806,36.87,2007.374,13.1,6.041,0.119,27.538,445.475,3588.108,168.14,9506.44,59.739,28.608,-6.75,-2.457,-7.709,-13.335,145.093,1210.619,56.73,3096.284,20.156,9.318,-3.45,-24.149,675.858,338.026,15.84,14422.82,143.676,2.677,96.886,4.54,5.628,43.403,16.533,5.8,0.0,6.297,0.979,123.772,0.0,352.805,2.061,0.0,1.062,6006.357,1578.531,4.141,40.873,300.382,2377.49,111.41,6410.157,39.583,19.29,9.569,2.692,33.532,279.554,13.1,715.566,4.654,2.153,12.725,15.122,142.627,1187.358,55.64,3043.659,19.768,9.159
Spain,2014,ESP,46720137.0,1433089474560.0,6.125,0.835,309.487,14.459,115.796,5.41,1.971,0.943,289.025,2.123,2.814,2897.285,135.362,937.711,43.81,-7.637,-1.565,405.23,18.932,15.963,8.827,271.03,5801.139,274.44,21.584,-1.54,-24.312,33266.574,1.085,-2.001,-22.244,2287.45,106.87,23318.469,1089.442,38.941,71.046,-9.246,-28.042,275.239,1011.769,47.27,5891.229,-58.973,-0.387,5.76,0.269,17.224,17.949,79.32,6.496,5.6,99.667,838.396,39.17,2133.27,14.273,6.5,0.402,-1.476,443.999,3586.676,167.57,9503.379,61.059,28.954,-3.41,-1.258,1.011,0.721,145.814,1226.666,57.31,3121.015,20.883,9.509,0.441,2.983,678.841,337.97,15.79,14529.954,-14.824,-0.673,82.771,3.867,5.754,44.269,16.919,5.41,0.0,2.337,0.386,115.796,0.0,362.134,1.971,0.0,1.103,5874.126,1554.219,0.125,-2.197,298.185,2360.01,110.26,6382.363,40.176,19.445,4.288,1.26,34.791,292.593,13.67,744.677,4.981,2.269,-6.732,-10.278,132.349,1113.224,52.01,2832.796,18.951,8.631
Spain,2015,ESP,46683633.0,1488098820096.0,2.275,0.329,316.776,14.788,123.384,5.76,2.078,0.951,328.535,17.591,23.811,3409.609,159.173,1100.386,51.37,-23.467,-4.443,310.378,14.49,18.534,10.236,277.04,5934.414,277.17,21.077,1.218,18.926,33697.984,1.057,5.186,56.497,2632.4,122.89,24546.906,1145.939,44.337,73.693,3.705,10.199,285.438,1124.591,52.5,6114.302,160.229,0.431,15.001,0.7,18.941,18.356,91.06,-28.157,-28.426,71.241,602.781,28.14,1526.027,10.153,4.581,-7.061,-34.923,409.076,3304.799,154.28,8762.724,55.663,26.307,-0.13,-0.047,0.0,-0.738,145.076,1225.269,57.2,3107.64,20.637,9.33,3.312,22.487,701.328,407.423,19.02,15022.994,-25.559,-0.988,61.664,2.879,6.862,45.101,18.013,5.76,0.0,6.467,1.094,123.384,0.0,385.853,2.078,0.0,1.158,5937.199,1573.144,-10.304,-34.185,264.0,2079.53,97.08,5655.083,35.025,16.977,1.356,0.293,35.085,296.892,13.86,751.54,5.001,2.256,-5.168,-7.475,124.873,1056.473,49.32,2674.886,17.794,8.03
Spain,2016,ESP,46732712.0,1533303980032.0,14.074,2.081,360.979,16.87,121.756,5.69,2.102,1.079,282.933,-23.31,-37.103,2612.091,122.07,779.54,36.43,-44.952,-6.513,170.677,7.976,13.458,7.81,278.37,5956.641,270.7,20.623,0.621,9.769,33871.637,1.032,-1.172,-13.432,2299.032,107.44,24233.707,1132.507,39.69,72.459,2.024,5.778,291.216,1130.472,52.83,6231.522,-12.903,-0.09,13.052,0.61,19.516,18.632,76.59,29.302,20.181,91.421,778.898,36.4,1956.253,13.447,5.849,6.451,21.376,430.452,3493.484,163.26,9210.928,60.31,27.541,7.67,2.755,2.293,2.208,147.284,1254.582,58.63,3151.622,21.659,9.423,2.551,17.893,719.221,389.021,18.18,15390.093,-42.521,-1.224,35.407,1.655,6.716,46.017,17.702,5.69,0.0,-1.726,-0.311,121.756,0.0,378.795,2.102,0.0,1.133,5792.517,1582.913,8.581,19.168,283.168,2238.903,104.63,6059.306,38.652,18.117,-1.564,-0.809,34.276,291.873,13.64,733.44,5.039,2.193,-0.833,-1.974,122.899,1046.376,48.9,2629.839,18.064,7.863
Spain,2017,ESP,46868543.0,1578931453952.0,15.23,2.569,414.752,19.439,129.725,6.08,2.232,1.226,329.209,28.131,34.34,3337.202,156.41,962.906,45.13,64.445,5.14,279.857,13.117,16.569,9.866,281.55,6007.227,272.38,19.99,1.208,19.129,34181.617,1.015,5.711,64.678,2697.118,126.41,25543.451,1197.184,46.409,75.517,8.896,25.905,317.121,1366.375,64.04,6766.183,,,,,23.511,20.004,89.67,-49.645,-45.616,45.805,390.88,18.32,977.308,6.726,2.889,-8.16,-42.315,388.137,3114.456,145.97,8281.393,53.591,24.483,9.17,3.257,-0.865,-2.004,145.28,1238.357,58.04,3099.735,21.308,9.164,0.616,4.433,723.653,367.837,17.24,15440.067,,,,,6.329,45.647,18.994,6.08,0.0,7.296,1.292,129.725,0.0,405.256,2.232,0.0,1.198,5811.574,1602.043,-11.681,-40.311,242.857,1876.098,87.93,5181.657,32.282,15.319,4.977,1.526,35.802,307.242,14.4,763.874,5.287,2.258,0.435,-0.082,122.817,1048.251,49.13,2620.468,18.037,7.747
Spain,2018,ESP,47092764.0,1615001419776.0,31.311,6.087,542.022,25.525,125.497,5.91,2.178,1.586,290.862,-14.314,-22.388,2845.912,134.022,792.903,37.34,-21.718,-2.849,218.036,10.268,13.758,8.325,282.5,5998.798,271.4,19.842,1.662,26.629,34584.324,1.008,-1.215,-14.545,2373.188,111.76,25112.982,1182.64,41.179,73.46,-0.678,-2.149,314.973,1231.612,58.0,6688.342,,,,,21.371,19.565,78.94,87.392,39.603,85.408,728.987,34.33,1813.611,12.649,5.305,12.118,39.125,427.262,3389.905,159.64,9072.768,58.821,26.54,11.1,3.929,-4.037,-6.559,138.721,1184.258,55.77,2945.705,20.549,8.617,1.381,9.992,733.645,348.674,16.42,15578.729,,,,,6.05,45.571,19.299,5.91,0.0,1.605,0.305,125.497,0.0,409.799,2.178,0.0,1.199,5763.093,1628.672,20.868,45.684,288.54,2205.647,103.87,6127.063,38.272,17.923,-11.01,-4.1,31.701,270.53,12.74,673.171,4.694,1.969,3.601,3.789,126.607,1080.633,50.89,2688.459,18.751,7.864
Spain,2019,ESP,47435072.0,1647042625536.0,-1.701,-0.434,528.96,25.091,117.424,5.57,2.059,1.602,246.673,-55.989,-75.038,1243.47,58.984,271.107,12.86,-93.33,-9.583,14.438,0.685,4.754,3.767,277.38,5847.572,270.52,20.207,-2.751,-44.8,33390.297,0.962,-2.393,-28.304,2343.835,111.18,24335.07,1154.336,41.099,73.724,14.215,44.772,359.745,1764.728,83.71,7583.939,,,,,30.944,22.976,66.73,-34.508,-29.749,55.659,519.658,24.65,1173.364,9.112,3.555,-3.102,-15.84,411.421,3359.118,159.34,8673.36,58.901,26.276,6.86,2.473,4.503,5.529,144.25,1230.102,58.35,3041.009,21.57,9.213,0.267,1.962,735.607,308.0,14.61,15507.66,,,,,5.401,46.981,17.616,5.59,0.02,-8.72,-1.683,117.845,0.422,371.367,2.066,0.007,1.125,5702.953,1583.871,-6.372,-21.369,267.171,2129.015,100.99,5632.352,37.332,17.063,18.552,5.695,37.397,318.33,15.1,788.378,5.582,2.388,4.309,4.802,131.409,1173.183,55.65,2770.283,20.571,8.393
Spain,2020,ESP,47679437.0,1460507901952.0,-9.566,-2.4,475.906,22.691,128.777,6.14,2.366,1.618,199.098,-41.703,-24.598,721.192,34.386,115.773,5.52,-24.208,-0.166,10.887,0.519,2.127,2.451,262.75,5510.761,259.47,22.643,-10.159,-160.911,29844.311,0.974,-17.605,-203.218,1832.656,87.38,19948.184,951.118,33.676,67.808,-9.685,-34.842,324.902,1462.685,69.74,6814.307,,,,,26.878,23.163,51.66,35.669,19.667,75.325,639.898,30.51,1579.827,11.759,5.37,8.379,40.12,451.541,3609.313,172.09,9470.358,66.324,32.192,3.28,1.248,0.038,-0.301,143.949,1222.749,58.3,3019.105,22.469,10.263,-19.545,-143.777,591.83,254.198,12.12,12412.684,,,,,4.671,42.193,19.179,6.17,0.03,8.873,1.563,129.406,0.629,402.246,2.378,0.012,1.367,5441.969,1422.96,12.383,40.421,307.592,2386.563,113.79,6451.253,43.855,21.929,36.793,13.633,51.03,433.52,20.67,1070.272,7.966,3.638,6.319,7.959,139.367,1183.739,56.44,2923.002,21.752,9.936
Spain,2021,ESP,47735610.0,1541122031616.0,-1.722,-0.391,467.162,22.3,145.384,6.94,2.563,1.476,193.536,8.652,2.975,782.665,37.361,101.811,4.86,-4.875,-0.025,10.344,0.494,1.795,2.473,271.6,5689.673,270.75,21.846,7.656,108.939,32091.334,0.994,8.793,83.632,1852.705,88.44,21676.691,1034.75,32.665,68.505,5.645,18.341,343.243,1497.834,71.5,7190.501,,,,,26.408,22.724,52.4,-2.887,-2.355,72.97,620.711,29.63,1528.637,10.944,4.831,5.03,24.187,475.729,3819.161,182.31,9965.91,67.335,31.495,0.85,0.313,-2.977,-4.629,139.32,1184.86,56.56,2918.58,20.89,9.224,10.529,62.316,654.146,253.061,12.08,13703.523,,,,,4.462,43.307,21.534,6.96,0.02,12.282,2.356,145.803,0.419,451.118,2.571,0.007,1.426,5671.866,1531.899,8.451,28.816,336.409,2634.302,125.75,7047.33,46.445,22.272,31.116,15.714,66.744,567.71,27.1,1398.198,10.009,4.419,9.952,13.493,152.86,1300.078,62.06,3202.214,22.922,10.12
Spain,2022,ESP,47828339.0,1625139970048.0,-2.41,-0.537,455.019,21.763,142.175,6.8,2.368,1.385,217.134,16.376,6.118,909.069,43.479,164.338,7.86,-21.453,-0.106,8.109,0.388,2.737,2.766,267.35,5589.782,287.15,22.04,3.934,60.266,33289.168,0.98,6.266,64.84,2208.941,105.65,22990.34,1099.59,36.793,69.964,-3.933,-13.501,329.742,1800.188,86.1,6894.272,,,,,29.984,20.98,62.35,-40.626,-29.752,43.219,367.774,17.59,903.621,6.126,2.75,-0.655,-3.661,472.068,3794.821,181.5,9870.041,63.207,30.036,-19.8,-7.406,3.582,4.636,143.956,1225.006,58.59,3009.843,20.404,9.159,11.041,72.223,726.369,244.416,11.69,15186.998,,,,,4.071,46.217,21.098,6.82,0.02,-2.024,-0.436,142.593,0.418,441.129,2.375,0.007,1.342,6003.763,1592.166,-2.274,-8.297,328.112,2569.815,122.91,6860.199,42.803,20.877,31.829,21.028,87.771,746.838,35.72,1835.136,12.439,5.585,1.165,1.401,154.26,1312.611,62.78,3225.294,21.863,9.815
Spain,2023,ESP,47911535.0,,32.358,7.042,601.207,28.805,123.144,5.9,2.108,1.865,169.275,-30.055,-13.068,634.742,30.411,75.556,3.62,-41.897,-0.162,4.703,0.225,1.294,1.969,265.88,5549.395,279.84,22.343,-1.415,-22.534,32761.027,,-7.032,-77.319,1637.601,78.46,21336.623,1022.27,28.037,66.196,-10.619,-35.017,294.725,1343.309,64.36,6151.443,,,,,22.999,19.085,47.37,42.103,17.747,60.966,521.795,25.0,1272.467,8.934,3.948,12.887,49.977,522.045,4203.163,201.38,10896.021,71.963,33.804,-13.96,-5.25,-2.931,-5.241,138.715,1186.979,56.87,2895.224,20.322,8.982,-4.025,-29.235,697.134,218.736,10.48,14550.438,,,,,3.745,45.142,18.289,5.91,0.01,-13.316,-2.809,123.352,0.209,381.726,2.112,0.004,1.184,5840.765,1569.631,19.295,55.219,383.33,3016.184,144.51,8000.796,51.64,24.822,36.008,30.731,118.502,1014.161,48.59,2473.359,17.363,7.673,2.375,2.508,156.768,1356.876,65.01,3272.037,23.231,10.151
Spain,2024,ESP,47910476.0,,-28.856,-8.312,427.73,20.493,130.452,6.25,2.229,1.282,146.154,-9.87,-3.002,572.107,27.41,55.311,2.65,0.274,0.001,4.716,0.226,0.945,1.715,270.08,5637.18,280.39,21.776,3.479,54.615,33901.695,,2.897,29.612,1360.037,65.16,21955.168,1051.883,23.239,65.804,-3.765,-11.096,283.629,1093.498,52.39,5919.97,,,,,18.685,17.743,40.98,37.753,23.016,83.982,681.062,32.63,1752.898,11.637,5.254,2.245,24.574,546.619,4492.337,215.23,11409.178,76.761,34.196,-10.31,-3.817,-3.972,-5.51,133.204,1144.217,54.82,2780.275,19.551,8.333,6.27,43.71,740.844,211.227,10.12,15463.091,,,,,3.609,46.346,18.536,6.25,0.0,1.348,0.247,130.452,0.0,386.881,2.229,0.0,1.16,5852.374,1624.246,4.294,30.084,413.415,3348.12,160.41,8628.902,57.21,25.863,16.234,19.237,137.74,1223.115,58.6,2874.941,20.899,8.617,-2.618,-4.104,152.664,1313.491,62.93,3186.452,22.444,9.55
